Bet,Date,Bookie,Bookies.Odds,Bookies.Decimal,Bookie.Stake,Bookie.Return,Exchange,Lay.Stake,Lay.Decimal,value_ratio,lay_win,Lay.Return.Total,Liability,Profit,Win.Loss,E1.Profit,AB.Profit,AB.E1,implied_prob_back,implied_prob_lay,edge_prob,exposure,roi_exposure,win01
Super Boost Everton vs Tottenham,2025-01-19,Bet365,2.5,3.5,10,35,Smarkets,10,3.1,1.13,20,31,21,4,Win,4,4,Both,0.285714285714286,0.32258064516129,0.0368663594470046,31,0.129032258064516,1
Super Boost Ravens vs Bills,2025-01-19,Bet365,1,2,10,20,Smarkets,10,1.81,1.1,20,18.1,8.1,1.9,Loss,-0.2,-0.2,Both,0.5,0.552486187845304,0.0524861878453039,18.1,-0.0110497237569061,0
Super Boost Ollie Watkins Over 0.5 SOT,2025-01-21,Bet365,1,2,10,20,Betfair Exchange,10,1.67,1.2,20,16.7,6.7,3.3,Win,0,3.3,AB,0.5,0.598802395209581,0.0988023952095809,16.7,0.197604790419162,1
"Haaland, Foden & De Bruyne 1+ SOT",2025-01-22,PP,1,5,10,50,Smarkets,10,4.8,1.04,20,48,38,2,Loss,0,-0.2,AB,0.2,0.208333333333333,0.00833333333333333,48,-0.00416666666666667,0
Super Boost TSG Hoffenheim v Tottenham,2025-01-23,Bet365,1,3,10,30,Smarkets,10,2.84,1.06,20,28.4,18.4,1.6,Win,0,1.6,AB,0.333333333333333,0.352112676056338,0.0187793427230047,28.4,0.0563380281690141,1
Jay Stansfield 1.5+ SOT,2025-01-23,Sky Bet,1,4,10,40,Smarkets,10,3.7,1.08,20,37,27,3,Loss,0,-0.2,AB,0.25,0.27027027027027,0.0202702702702702,37,-0.00540540540540541,0
Super Boost Mo Salah Score or Assist,2025-01-25,Bet365,1,2,10,20,Smarkets,10,1.6,1.25,20,16,6,4,Win,4,4,Both,0.5,0.625,0.125,16,0.25,1
Super Boost Mbeumo and Eze 1+ SOT,2025-01-26,Bet365,2,3,10,30,Betdaq,10,2.79,1.08,20,27.9,17.9,2.1,Win,2.1,2.1,Both,0.333333333333333,0.3584229390681,0.025089605734767,27.9,0.0752688172043011,1
Mateta and Mbeumo SOT 1+,2025-01-26,Betway,3,4,10,40,Betdaq,10,3.1,1.29,20,31,21,9,Win,0,9,AB,0.25,0.32258064516129,0.0725806451612903,31,0.290322580645161,1
Bruno 1+ SOT,2025-01-26,Sky Bet,1,2,10,20,Smarkets,10,1.9,1.05,20,19,9,1,Loss,0,-0.2,AB,0.5,0.526315789473684,0.0263157894736842,19,-0.0105263157894737,0
Rossa Ryan to ride 1+ winners today,2025-01-28,Sky Bet,0.67,1.67,20,33.4,Betdaq,20,1.51,1.11,40,30.2,10.2,3.2,Loss,0,-0.4,AB,0.598802395209581,0.662251655629139,0.0634492604195582,30.2,-0.0132450331125828,0
Constitution Hill & Jonbob both to win,2025-01-28,Sky Bet,4,5,10,50,Betdaq,10,4.3,1.16,20,43,33,7,Loss,0,-0.2,AB,0.2,0.232558139534884,0.0325581395348837,43,-0.00465116279069767,0
PSV Liverpool 10.5+ shots on target,2025-01-29,Sky Bet,1.5,2.5,10,25,Smarkets,10,2.38,1.05,20,23.8,13.8,1.2,Loss,0,-0.2,AB,0.4,0.420168067226891,0.0201680672268907,23.8,-0.00840336134453781,0
Bayern to win -5.5 handicap vs Slovan Bratislava,2025-01-29,Unibet,3,4,10,40,Betdaq,10,3.05,1.31,20,30.5,20.5,9.5,Loss,0,-0.2,AB,0.25,0.327868852459016,0.0778688524590164,30.5,-0.00655737704918033,0
Super Boost Aston Villa vs Celtic Over 0.5 goals first half,2025-01-29,Bet365,1,2,10,20,Smarkets,10,1.37,1.46,20,13.7,3.7,6.3,Win,0,6.3,AB,0.5,0.72992700729927,0.22992700729927,13.7,0.45985401459854,1
SuperBoost Forest over 0.5 goals,2025-01-31,Bet365,1,2,10,20,Smarkets,10.15,1.37,1.46,20.3,13.91,3.76,6.24,Win,6.24,6.24,Both,0.5,0.72992700729927,0.22992700729927,13.76,0.453488372093023,1
Power Price Rugby France vs Wales,2025-01-31,PP,1,2,10,20,Smarkets,10,1.63,1.23,20,16.3,6.3,3.7,Win,3.7,3.7,Both,0.5,0.613496932515337,0.113496932515337,16.3,0.226993865030675,1
Galopin Des Champs to win,2025-02-01,Sky Bet,1,2,10,20,Smarkets,10,1.59,1.14,20,15.9,5.9,4.1,Win,4.1,4.1,Both,0.5,0.628930817610063,0.128930817610063,15.9,0.257861635220126,1
Vinicius 1+ SOT,2025-02-12,Sky Bet,1,2,10,40,Smarkets,10.2,1.83,1.08,20.4,18.67,8.47,8.47,Loss,-0.2,0,AB,0.5,0.546448087431694,0.0464480874316939,18.47,0,0
Munich vs Celtic Kane FGS,2025-02-18,Bet365,1,2,10,20,Smarkets,10.2,1.83,1.39,20.4,18.67,8.47,1.53,Loss,0,0,AB,0.5,0.546448087431694,0.0464480874316939,18.47,0,0
"Plezen W, Most corners and Feren TC most cards",2025-02-20,Bet365,3.75,4.75,10,47.5,Betdaq,10.2,4.1,1.07,20.4,41.82,31.62,5.88,Loss,0,0,AB,0.210526315789474,0.24390243902439,0.0333761232349166,41.62,0,0
Mbuemo & Wissa 1+ SOT,2025-02-21,Sky Bet,2,3,10,30,Betdaq,10.2,2.48,1.13,20.4,25.3,15.1,4.9,Win,0,4.9,AB,0.333333333333333,0.403225806451613,0.0698924731182796,25.1,0.195219123505976,1
Fernandes 1+ Foul committed,2025-02-21,Sky Bet,1,2,10,20,Betdaq,10.2,1.68,1.14,20.4,17.14,6.94,3.06,Loss,0,0,AB,0.5,0.595238095238095,0.0952380952380952,16.94,0,0
Mbuemo 1+ SOT,2025-02-21,Bet365,1,2,10,20,Smarkets,10.2,1.69,1.12,20.4,17.24,7.04,2.96,Win,0,2.96,AB,0.5,0.591715976331361,0.091715976331361,17.04,0.173708920187793,1
Everton Vs Man Utd BTTS,2025-02-22,Unibet,1.62,2.62,10,26.2,Smarkets,10.2,1.99,1.09,20.4,20.3,10.1,6.1,Win,0,6.1,AB,0.381679389312977,0.50251256281407,0.120833173501093,20.1,0.303482587064677,1
Ollie Watkins Cole palmer SOT 1+,2025-02-23,Betway,1.75,2.75,10,27.5,Betdaq,10.2,2.48,1.08,20.4,25.3,15.1,2.4,Win,0,2.4,AB,0.363636363636364,0.403225806451613,0.0395894428152493,25.1,0.0956175298804781,1
Ollie Watkins Cole palmer SOT 1+,2025-02-23,Betway,1.75,2.75,10,27.5,Betdaq,10.2,2.48,1.1,20.4,25.3,15.1,2.4,Win,0,2.4,AB,0.363636363636364,0.403225806451613,0.0395894428152493,25.1,0.0956175298804781,1
Shankland 2+ SOT,2025-02-23,Sky Bet,3,4,10,40,Smarkets,10,3.75,1.11,20,37.5,27.5,2.5,Loss,0,-0.2,AB,0.25,0.266666666666667,0.0166666666666667,37.5,-0.00533333333333333,0
Salah anytime goal or assist,2025-02-23,PP,1,2,20,40,Smarkets,20,1.94,1.16,40,38.8,18.8,1.2,Win,0,1.2,AB,0.5,0.515463917525773,0.0154639175257733,38.8,0.0309278350515464,1
"James, Piroe & Campbell 1+ SOT",2025-02-24,PP,4,5,10,50,Smarkets,10.2,4.9,1.04,20.4,49.98,39.78,0.22,Loss,0,0,AB,0.2,0.204081632653061,0.00408163265306119,49.78,0,0
Watkins 1+ SOT,2025-02-25,Bet365,1,2,10,20,Smarkets,10.2,1.73,1.26,20.4,17.65,7.45,2.55,Loss,0,0,AB,0.5,0.578034682080925,0.0780346820809249,17.45,0,0
Watkins 2+ SOT,2025-02-25,Pricedup,3,4,10,40,Smarkets,10.2,3.9,1.18,20.4,39.78,29.58,0.42,Loss,0,0,AB,0.25,0.256410256410256,0.00641025641025644,39.58,0,0
"Marmoush SOT, BTTS, both teams card",2025-02-26,Bet365,2,3,10,30,Smarkets,10.2,2.8,1.26,20.4,28.56,18.36,1.64,Loss,0,0,AB,0.333333333333333,0.357142857142857,0.0238095238095238,28.36,0,0
Juventus -2.5 handicap,2025-02-26,Unibet,2.25,3.25,10,32.5,Smarkets,10.2,3.05,1.04,20.4,31.11,20.91,1.59,Loss,0,0,AB,0.307692307692308,0.327868852459016,0.0201765447667087,30.91,0,0
Salah 2+ SOT,2025-02-26,PP,1.2,2.2,5,11,Betdaq,5.1,2.08,1.04,10.2,10.61,5.51,0.49,Loss,0,0,Both,0.454545454545455,0.480769230769231,0.0262237762237762,10.51,0,0
Mbeumo 2+ SOT,2025-02-26,Skybet,3,4,20,80,Betdaq,20.4,3.9,1.06,40.8,79.56,59.16,0.84,Loss,0,-0.01,AB,0.25,0.256410256410256,0.00641025641025644,79.16,-0.000126326427488631,0
Luke Humphries to have most 180s,2025-02-27,Pricedup,1.65,2.65,20,53,Smarkets,20.2,2.5,1.05,40.4,50.5,30.3,2.7,Win,0,2.7,AB,0.377358490566038,0.4,0.0226415094339623,50.3,0.0536779324055666,1
Cunha 1+ SOT Super Boost,2025-02-28,Betfair,1,2,20,40,Betdaq,20.4,1.77,1.04,40.8,36.11,15.71,4.29,Win,0,4.29,AB,0.5,0.564971751412429,0.0649717514124294,35.71,0.120134416129936,1
Rashford to score or assist,2025-02-28,Bet365,1,2,10,20,Betdaq,10.2,1.9,1.02,20.4,19.38,9.18,0.82,Win,0,0.82,AB,0.5,0.526315789473684,0.0263157894736842,19.18,0.0427528675703858,1
Villa to Win and Rashford to score,2025-02-28,Unibet,2.25,3.25,16.36,53.17,Betdaq,16.86,2.91,0.63,33.72,49.06,32.2,4.61,Loss,0,0.16,AB,0.307692307692308,0.343642611683849,0.0359503039915411,48.56,0.00329489291598023,0
Leeds and brum to Win,2025-02-28,Skybet,2,3,10,30,Betdaq,10,2.61,1.13,20,26.1,16.1,3.9,Loss,0,-0.2,AB,0.333333333333333,0.383141762452107,0.049808429118774,26.1,-0.00766283524904215,0
Man City 3.5 goals and 10.5 corners +,2025-03-01,Betway,3,4,10,40,Betdaq,10.2,3.5,1.14,20.4,35.7,25.5,4.5,Win,0,4.5,AB,0.25,0.285714285714286,0.0357142857142857,35.5,0.126760563380282,1
Grey dawning to win,2025-03-01,Skybet,1.5,2.5,10,25,Smarkets,10.29,2.32,1.08,20.58,23.87,13.58,1.42,Win,0,1.42,AB,0.4,0.431034482758621,0.0310344827586207,23.58,0.0602205258693808,1
Grey dawning to win,2025-03-01,Bet365,1.5,2.5,10,25,Smarkets,10.2,2.26,1.11,20.4,23.05,12.85,2.15,Win,0,2.15,AB,0.4,0.442477876106195,0.0424778761061947,22.85,0.0940919037199125,1
bournemouth W and BTTS,2025-03-01,Unibet,2.4,3.4,10,34,Smarkets,10.2,3.3,1.03,20.4,33.66,23.46,0.54,Loss,0,0,AB,0.294117647058824,0.303030303030303,0.0089126559714795,33.46,0,0
"Palace to W, most SOT, and bot teams to get carded",2025-03-01,Bet365,2,3,10,30,Smarkets,10.2,2.6,1.15,20.4,26.52,16.32,3.68,Loss,0,0,AB,0.333333333333333,0.384615384615385,0.0512820512820513,26.32,0,0
Newcastle brighton BTTS and 2.5+ SOT,2025-03-02,Bet365,1.75,2.75,10,27.5,Smarkets,10.2,2.4,1.15,20.4,24.48,14.28,3.22,Win,0,3.22,AB,0.363636363636364,0.416666666666667,0.053030303030303,24.28,0.132619439868204,1
Huntingdon to win,2025-03-02,WH,1.37,2.37,10,23.7,Smarkets,10.2,2.3,1.03,20.4,23.46,13.26,0.44,Loss,0,0,AB,0.421940928270042,0.434782608695652,0.0128416804256101,23.26,0,0
Lewondoski FGS,2025-03-02,Unibet,3.5,4.5,10,45,Smarkets,10.2,4.3,1.05,20.4,43.86,33.66,1.34,Loss,0,0,AB,0.222222222222222,0.232558139534884,0.0103359173126615,43.66,0,0
Zubimendi 3+ Fouls,2025-03-02,Skybet,4,5,10,50,Smarkets,10.2,4.9,1.02,20.4,49.98,39.78,0.22,Loss,0,0,AB,0.2,0.204081632653061,0.00408163265306119,49.78,0,0
Greenwood to score,2025-03-02,Unibet,2,3,10,30,Smarkets,10.28,2.78,1.08,20.56,28.58,18.3,1.7,Win,0,1.7,AB,0.333333333333333,0.359712230215827,0.0263788968824941,28.3,0.0600706713780919,1
Gibbs-White 1+ shots on target,2025-03-03,Sky Bet,1,2,10,20,Betdaq,10,1.84,1.09,20,18.4,8.4,1.6,Loss,0,-0.2,AB,0.5,0.543478260869565,0.0434782608695652,18.4,-0.0108695652173913,0
Jack Kennedy (Leopardstown) to ride 1 or more winners,2025-03-03,Sky Bet,1,2,20,40,Betdaq,20,1.94,1.03,40,38.8,18.8,1.2,Loss,0,-0.4,AB,0.5,0.515463917525773,0.0154639175257733,38.8,-0.0103092783505155,0
"Nottingham Forest, Juventus & Villarreal all to win",2025-03-03,BetMGM,2.25,3.25,10,32.5,Betdaq,10.2,2.96,1.1,20.4,30.19,19.99,2.51,Void,0,0,AB,0.307692307692308,0.337837837837838,0.0301455301455301,29.99,0,NA
"Nottingham Forest, Juventus & Villarreal all to win",2025-03-03,BetMGM,2.6,3.6,10,36,Betdaq,10.2,3.15,1.14,20.4,32.13,21.93,4.07,Void,0,0,AB,0.277777777777778,0.317460317460317,0.0396825396825397,31.93,0,NA
Gibbs-White To Score Or Assist,2025-03-03,Unibet,1.75,2.75,10,27.5,Smarkets,10.2,2.58,1.07,20.4,26.32,16.12,1.38,Void,0,0,AB,0.363636363636364,0.387596899224806,0.0239605355884425,26.12,0,NA
Liam Delap 0.5+ SOT,2025-03-03,PricedUp,1,2,20,40,Smarkets,20.4,1.94,1.03,40.8,39.58,19.18,0.82,Win,0,0.82,AB,0.5,0.515463917525773,0.0154639175257733,39.18,0.0209290454313425,1
"Gs warriors, memphis and miami heat to Win",2025-03-03,BetMGM,1.25,2.25,10,22.5,Betdaq,10.2,2.15,1.05,20.4,21.93,11.73,0.77,Loss,0,0,AB,0.444444444444444,0.465116279069767,0.020671834625323,21.73,0,0
Ollie Watkins 0.5+ SOT,2025-03-04,Bet365,1,2,10,20,Smarkets,10.2,1.76,1.14,20.4,17.95,7.75,2.25,Loss,0,0,AB,0.5,0.568181818181818,0.0681818181818182,17.75,0,0
Mbappe FGS,2025-03-04,PricedUp,4.75,5.75,10,57.5,Smarkets,10,5.5,1.05,20,55,45,2.5,Loss,0,-0.2,AB,0.173913043478261,0.181818181818182,0.00790513833992096,55,-0.00363636363636364,0
Mbappe to score or assist,2025-03-04,Betfair,1.1,2.1,20,42,Smarkets,20,2,1.05,40,40,20,2,Loss,0,-0.4,AB,0.476190476190476,0.5,0.0238095238095238,40,-0.01,0
Mbappe AGS,2025-03-04,PricedUp,1.5,2.5,10,25,Smarkets,10,2.44,1.02,20,24.4,14.4,0.6,Loss,0,-0.2,AB,0.4,0.409836065573771,0.00983606557377048,24.4,-0.00819672131147541,0
"Arsenal, Dortmund & Madrid to win",2025-03-04,BetMGM,7,8,10,80,Betdaq,10,6.9,1.16,20,69,59,11,Loss,0,-0.2,AB,0.125,0.144927536231884,0.0199275362318841,69,-0.00289855072463768,0
Sabitzer 2+ Fouls Committed,2025-03-04,Sky Bet,5,6,10,60,Betdaq,10,5.4,1.11,20,54,44,6,Loss,0,-0.2,AB,0.166666666666667,0.185185185185185,0.0185185185185185,54,-0.0037037037037037,0
Salah & Dembele 1+ SOT,2025-03-05,Unibet,1.5,2.5,10,25,Betdaq,10.2,2.15,1.16,20.4,21.93,11.73,3.27,Loss,0,0,AB,0.4,0.465116279069767,0.0651162790697674,21.73,0,0
Salah & Dembele 1+ SOT,2025-03-05,Betfair,1.5,2.5,20,50,Betdaq,20.4,2.18,1.15,40.8,44.47,24.07,5.93,Loss,0,-0.01,AB,0.4,0.458715596330275,0.0587155963302752,44.07,-0.00022691173133651,0
Barca to win & Lewandowski to score,2025-03-05,Unibet,2.5,3.5,10,35,Betdaq,10.2,3.35,1.04,20.4,34.17,23.97,1.03,Loss,0,0,AB,0.285714285714286,0.298507462686567,0.0127931769722814,33.97,0,0
Inter to win & Martinez to score,2025-03-05,unibet,2.5,3.5,10,35,Betdaq,10.2,3.375,1.04,20.4,34.43,24.23,0.78,Win,0,0.78,AB,0.285714285714286,0.296296296296296,0.0105820105820106,34.23,0.0227870289219982,1
Salah 1+ SOT,2025-03-05,PP,1,2,5,10,Smarkets,5,1.58,1.27,10,7.9,2.9,10,Win,0,10,AB,0.5,0.632911392405063,0.132911392405063,7.9,1.26582278481013,1
Wirtz AGS,2025-03-05,Unibet,4.67,5.67,10,56.7,Smarkets,10.2,5.2,1.09,20.4,53.04,42.84,3.86,Loss,0,0,AB,0.17636684303351,0.192307692307692,0.0159408492741826,52.84,0,0
Salah AA,2025-03-05,Sky Bet,4.5,5.5,20,110,Smarkets,20,4.9,1.12,40,98,78,12,Loss,0,-0.4,AB,0.181818181818182,0.204081632653061,0.0222634508348794,98,-0.00408163265306122,0
Luke Littler to win & Throw 5+ 180s,2025-03-06,PP,2.75,3.75,10,37.5,Betdaq,10.2,3.3,1.14,20.4,33.66,23.46,4.04,Loss,0,0,AB,0.266666666666667,0.303030303030303,0.0363636363636364,33.46,0,0
Sociedad v Man Utd BTTS,2025-03-06,PP,1.7,2.7,10,27,Smarkets,10,2.1,1.29,20,21,11,6,Win,0,6,AB,0.37037037037037,0.476190476190476,0.105820105820106,21,0.285714285714286,1
Son AGS,2025-03-06,Sky Bet,3.33,4.33,10,43.3,Smarkets,10.2,3.9,1.11,20.4,39.78,29.58,3.72,Loss,0,0,AB,0.23094688221709,0.256410256410256,0.0254633741931664,39.58,0,0
Luke Littler to hit 100+ checkout,2025-03-06,Sky Bet,1,2,10,20,Betdaq,10.2,1.8,1.11,20.4,18.36,8.16,1.84,Win,0,1.84,AB,0.5,0.555555555555556,0.0555555555555556,18.16,0.101321585903084,1
Spurs 2+ goals and most SOT,2025-03-06,Bet365,3.5,4.5,10,45,Smarkets,10.2,3.75,1.2,20.4,38.25,28.05,6.95,Loss,0,0,AB,0.222222222222222,0.266666666666667,0.0444444444444445,38.05,0,0
Nottm Forest vs Man City First half Over 0.5 goals,2025-03-07,Bet365,1,2,10.1,20.2,Smarkets,10,1.39,1.44,20,13.9,3.9,6.2,Loss,0,-0.3,AB,0.5,0.719424460431655,0.219424460431655,14,-0.0214285714285714,0
Haaland 1+ SOT,2025-03-07,Sky Bet,1,2,10,20,Smarkets,10,1.53,1.31,20,15.3,5.3,4.7,Loss,0,-0.2,AB,0.5,0.65359477124183,0.15359477124183,15.3,-0.0130718954248366,0
Wirtz Score or Assist,2025-03-07,Unibet,4.75,5.75,15,86.25,Smarkets,15.3,2.72,2.11,30.6,41.62,26.32,44.93,Loss,0,-0.01,AB,0.173913043478261,0.367647058823529,0.193734015345269,41.32,-0.000242013552758955,0
Wood 1+ SOT,2025-03-07,Betfair,1,2,20,40,Betdaq,20,1.89,1.06,40,37.8,17.8,2.2,Win,0,2.2,AB,0.5,0.529100529100529,0.0291005291005292,37.8,0.0582010582010582,1
Belliano in top 6,2025-03-08,Betfair,1,2,10,20,Betdaq,10.2,1.66,1.2,20.4,16.93,6.73,3.27,Loss,0,0,AB,0.5,0.602409638554217,0.102409638554217,16.73,0,0
Halaand + wood 1 SOT,2025-03-08,Betway,1.5,2.5,10,25,Betdaq,10.2,2.44,1.02,20.4,24.89,14.69,0.31,Loss,0,0,AB,0.4,0.409836065573771,0.00983606557377048,24.69,0,0
Florian Wirtz to score or assist,2025-03-08,Unibet,1,2,20,40,Betdaq,20.4,1.85,1.08,40.8,37.74,17.34,2.66,Void,0,-0.01,AB,0.5,0.54054054054054,0.0405405405405405,37.34,-0.000267809319764328,NA
Ireland v France 1+ SOT,2025-03-08,Skybet,3,4,10,40,Betdaq,10.2,3.75,1.07,20.4,38.25,28.05,1.95,Loss,0,0,AB,0.25,0.266666666666667,0.0166666666666667,38.05,0,0
Wood Haaland Marmoush 1+ SOT,2025-03-08,PP,3,4,5,20,Smarkets,5.1,1.92,2.08,10.2,9.79,4.69,10.31,Loss,0,0,AB,0.25,0.520833333333333,0.270833333333333,9.69,0,0
Micheal Olise assist or goal,2025-03-08,Unibet,1,2,15,30,Smarkets,15.3,1.92,1.04,30.6,29.38,14.08,0.92,Void,0,-0.01,AB,0.5,0.520833333333333,0.0208333333333334,29.08,-0.000343878954607978,NA
Antoine Griezmann to score or assist,2025-03-09,Unibet,2,3,15,45,Betdaq,15.3,2.79,1.08,30.6,42.69,27.39,2.61,Loss,0,-0.01,AB,0.333333333333333,0.3584229390681,0.025089605734767,42.39,-0.000235904694503421,0
Son and Semenyo 1+ SOT,2025-03-09,Bet365,2.5,3.5,10,35,Smarkets,10,2.88,1.22,20,28.8,18.8,6.2,Void,0,-0.2,AB,0.285714285714286,0.347222222222222,0.0615079365079365,28.8,-0.00694444444444444,NA
Kluivert 1+ SOT,2025-03-09,Skybet,1,2,10,20,Smarkets,10.2,1.84,1.09,20.4,18.77,8.57,1.43,Win,0,1.43,AB,0.5,0.543478260869565,0.0434782608695652,18.57,0.0770059235325794,1
Arsenal to Win,2025-03-09,PP,1.75,2.75,10,27.5,Smarkets,10.2,1.82,1.51,20.4,18.56,8.36,9.14,Loss,0,0,AB,0.363636363636364,0.549450549450549,0.185814185814186,18.36,0,0
Isak 1+ SOT,2025-03-09,Bet365,1,2,10,20,Smarkets,10.2,1.67,1.2,20.4,17.03,6.83,3.17,Loss,0,0,AB,0.5,0.598802395209581,0.0988023952095809,16.83,0,0
Isak 2+ SOT,2025-03-10,PP,2,3,5,15,Betdaq,5.1,2.66,1.13,10.2,13.57,8.47,1.53,Loss,0,0,AB,0.333333333333333,0.37593984962406,0.0426065162907268,13.47,0,0
Kopek Des Bordes to win,2025-03-10,PP,1.25,2.25,100,225,Smarkets,100,2.18,1.03,200,218,118,7,Win,0,7,AB,0.444444444444444,0.458715596330275,0.0142711518858308,218,0.0321100917431193,1
Kopek Des Bordes to win,2025-03-10,Betway,1.625,2.625,10,26.25,Smarkets,10.2,2.14,1.23,20.4,21.83,11.63,4.62,Win,0,4.62,AB,0.380952380952381,0.467289719626168,0.0863373386737873,21.63,0.213592233009709,1
Lossiemouth to Win,2025-03-10,PP,1,2,2.5,5,Smarkets,2.5,1.76,1.14,5,4.4,1.9,0.6,Win,0,0.6,AB,0.5,0.568181818181818,0.0681818181818182,4.4,0.136363636363636,1
Constitution Hill to win,2025-03-11,Bet365,1,2,10,20,Smarkets,10.2,1.79,1.12,20.4,18.26,8.06,1.94,Loss,0,0,AB,0.5,0.558659217877095,0.0586592178770949,18.06,0,0
Constitution Hill to win,2025-03-11,Skybet,1,2,10,20,Smarkets,10.2,1.83,1.09,20.4,18.67,8.47,1.53,Loss,0,0,AB,0.5,0.546448087431694,0.0464480874316939,18.47,0,0
Salah to score or assist,2025-03-11,Bet365,1.5,2.5,10,25,Smarkets,10.2,2.26,1.11,20.4,23.05,12.85,2.15,Loss,0,0,AB,0.4,0.442477876106195,0.0424778761061947,22.85,0,0
Resplendent Grey top 5,2025-03-11,Bet365,1.5,2.5,25,62.5,Smarkets,25.5,2.36,1.06,51,60.18,34.68,2.82,Win,0,2.82,AB,0.4,0.423728813559322,0.023728813559322,59.68,0.0472520107238606,1
Stencil to win,2025-03-11,Bet365,3.33,4.33,10,43.3,Smarkets,10.2,4.8,0.9,20.4,48.96,38.76,NA,Loss,0,0,AB,0.23094688221709,0.208333333333333,-0.0226135488837567,48.76,0,0
bambino to win,2025-03-11,Bet365,7,8,10,80,Smarkets,10.2,7.6,1.05,20.4,77.52,67.32,2.68,Win,0,2.68,AB,0.125,0.131578947368421,0.00657894736842105,77.32,0.0346611484738748,1
psg liverpool 11+ SOT,2025-03-11,Skybet,1,2,40,80,Smarkets,40.7,1.94,1.03,81.4,78.96,38.26,1.74,Loss,0,-0.11,AB,0.5,0.515463917525773,0.0154639175257733,78.26,-0.00140557117301303,0
Alisson 6+ saves in 90mins,2025-03-11,Skybet,6,7,20,140,Betdaq,20.4,6.4,1.09,40.8,130.56,110.16,9.84,Loss,0,-0.01,AB,0.142857142857143,0.15625,0.0133928571428572,130.16,-7.68285187461586e-05,0
Willie Mullins to train 2 or more winners,2025-03-11,Sky Bet,1,2,10,20,Betdaq,10.2,1.84,1.09,20.4,18.77,8.57,1.43,Win,0,1.43,AB,0.5,0.543478260869565,0.0434782608695652,18.57,0.0770059235325794,1
Workahead Top 5 Finish,2025-03-11,Betfair,1,2,10,20,Betdaq,10.2,1.79,1.12,20.4,18.26,8.06,1.94,Loss,0,0,AB,0.5,0.558659217877095,0.0586592178770949,18.06,0,0
Jonbon to win,2025-03-12,Bet365,1.75,2.75,20,55,Smarkets,20.4,1.97,1.4,40.8,40.19,19.79,15.21,Loss,0,-0.01,AB,0.363636363636364,0.50761421319797,0.143977849561606,39.79,-0.000251319426991706,0
JPR one top 5 finish,2025-03-12,Bet365,1.62,2.62,20,52.4,Smarkets,20.4,2.5,1.05,40.8,51,30.6,1.8,Loss,0,-0.01,AB,0.381679389312977,0.4,0.018320610687023,50.6,-0.000197628458498024,0
Copacabana to win,2025-03-12,Bet365,5.5,6.5,10,65,Smarkets,10.2,6.2,1.05,20.4,63.24,53.04,1.96,Loss,0,0,AB,0.153846153846154,0.161290322580645,0.0074441687344913,63.04,0,0
Vini 1+ SOT,2025-03-12,Bet365,1,2,10,20,Smarkets,10.2,1.84,1.09,20.4,18.77,8.57,1.43,Loss,0,0,AB,0.5,0.543478260869565,0.0434782608695652,18.57,0,0
Mbappe and Rodrygo 1+ SOT,2025-03-12,Bet365,2,3,5,15,Betdaq,5.1,2.9,1.03,10.2,14.79,9.69,0.31,Loss,0,0,AB,0.333333333333333,0.344827586206897,0.0114942528735633,14.69,0,0
Real vs Athletico 12+ SOT,2025-03-12,Skybet,3,4,10,40,Smarkets,10.2,3.6,1.11,20.4,36.72,26.52,3.48,Loss,0,0,AB,0.25,0.277777777777778,0.0277777777777778,36.52,0,0
Fact to file to win,2025-03-12,Betfair,2,3,10,30,Smarkets,10.2,2.56,1.17,20.4,26.11,15.91,4.09,Win,4.09,4.09,Both,0.333333333333333,0.390625,0.0572916666666667,25.91,0.157854110382092,1
Fact to file to win,2025-03-13,Bet365,2.5,3.5,10,35,Smarkets,10.2,2.64,1.33,20.4,26.93,16.73,8.27,Win,0,8.27,AB,0.285714285714286,0.378787878787879,0.0930735930735931,26.73,0.309390198279087,1
Jagwar to win,2025-03-13,Bet365,4.165,5.165,10,51.65,Smarkets,10.2,4.8,1.08,20.4,48.96,38.76,2.89,Win,0,2.89,AB,0.193610842207164,0.208333333333333,0.0147224911261697,48.76,0.0592698933552092,1
Fact to file to win,2025-03-13,Bet365,2.5,3.5,10,35,Smarkets,10.2,2.78,1.26,20.4,28.36,18.16,6.84,Win,0,6.84,AB,0.285714285714286,0.359712230215827,0.0739979445015417,28.16,0.242897727272727,1
Fact to file to win,2025-03-13,Skybet,2,3,10,30,Smarkets,10.33,2.64,1.14,20.66,27.27,16.94,3.06,Win,0,3.06,AB,0.333333333333333,0.378787878787879,0.0454545454545455,26.94,0.11358574610245,1
Jagwar to win,2025-03-13,Jagwar,3.5,4.5,10,45,Smarkets,10.2,4.9,0.92,20.4,49.98,39.78,NA,Win,0,-4.78,AB,0.222222222222222,0.204081632653061,-0.018140589569161,49.78,-0.0960224989955806,1
Galopin des Champs to win,2025-03-14,Sky Bet,1,2,10,20,Smarkets,10.2,1.59,1.26,20.4,16.22,6.02,3.98,Loss,0,0,AB,0.5,0.628930817610063,0.128930817610063,16.02,0,0
Galopin des Champs to win,2025-03-14,Bet365,1,2,10,20,Smarkets,10.2,1.57,1.27,20.4,16.01,5.81,4.19,Loss,0,0,AB,0.5,0.636942675159236,0.136942675159236,15.81,0,0
East india dock to win,2025-03-14,Betway,2.25,3.25,10,32.5,Smarkets,10.2,2.94,1.11,20.4,29.99,19.79,2.71,Loss,0,0,AB,0.307692307692308,0.340136054421769,0.032443746729461,29.79,0,0
Angels Dawn to win,2025-03-14,Bet365,4,5,10,50,Smarkets,10.2,4.5,1.11,20.4,45.9,35.7,4.3,Loss,0,0,AB,0.2,0.222222222222222,0.0222222222222222,45.7,0,0
Pickford 4+ saves,2025-03-15,Sky Bet,4,5,20,100,Smarkets,20.44,4.8,1.04,40.88,98.11,77.67,2.33,Win,0,2.33,AB,0.2,0.208333333333333,0.00833333333333333,97.67,0.0238558410975735,1
England To Score A Try In The 1st 10 Minutes Of The Match,2025-03-15,Sky Bet,2,3,10,30,Betdaq,10.2,2.83,1.06,20.4,28.87,18.67,1.33,Win,0,1.33,AB,0.333333333333333,0.353356890459364,0.0200235571260307,28.67,0.0463899546564353,1
haaland Pedro 1+ sot,2025-03-15,Betway,1.5,2.5,10,25,Betdaq,10,2.39,1.05,20,23.9,13.9,1.1,Loss,0,-0.2,AB,0.4,0.418410041841004,0.0184100418410041,23.9,-0.00836820083682008,0
Kluivert to score or assist,2025-03-15,Unibet,1.5,2.5,15,37.5,Betdaq,15.3,2.3,1.09,30.6,35.19,19.89,2.61,Loss,0,-0.01,AB,0.4,0.434782608695652,0.0347826086956522,34.89,-0.000286615075952995,0
Mbuemmo 1+ SOT and fouled once,2025-03-15,PP,2,3,5,15,Betdaq,5.1,2.7,1.11,10.2,13.77,8.67,1.33,Win,0,1.33,AB,0.333333333333333,0.37037037037037,0.037037037037037,13.67,0.0972933430870519,1
Bielle-Biarrey to score 2+ tries,2025-03-15,Sky Bet,2.5,3.5,10,35,Betdaq,10.2,3.3,1.06,20.4,33.66,23.46,1.54,Loss,0,0,AB,0.285714285714286,0.303030303030303,0.0173160173160173,33.46,0,0
Haaland FGS,2025-03-15,Unibet,3.75,4.75,10,47.5,Smarkets,10.2,4.4,1.08,20.4,44.88,34.68,2.82,Win,0,2.82,AB,0.210526315789474,0.227272727272727,0.0167464114832536,44.68,0.0631154879140555,1
Bowen score or assist,2025-03-15,Unibet,2.75,3.75,15,56.25,Smarkets,15.3,3.6,1.04,30.6,55.08,39.78,1.47,Win,0,1.47,AB,0.266666666666667,0.277777777777778,0.0111111111111111,54.78,0.0268346111719606,1
Odegaard 1+ SOT,2025-03-16,Sky Bet,1.5,2.5,10,25,Smarkets,10.28,2.36,1.06,20.56,24.26,13.98,1.02,Win,0,1.02,AB,0.4,0.423728813559322,0.023728813559322,23.98,0.042535446205171,1
Liverpool to Win,2025-03-16,Betvictor,1.25,2.25,10,22.5,Smarkets,10.2,1.81,1.24,20.4,18.46,8.26,4.24,Loss,0,0,AB,0.444444444444444,0.552486187845304,0.108041743400859,18.26,0,0
Cole palmer 1+ SOT,2025-03-16,Sky Bet,1,2,10,20,Betdaq,10.2,1.9,1.05,20.4,19.38,9.18,0.82,Void,0,0,AB,0.5,0.526315789473684,0.0263157894736842,19.18,0,NA
"Arsenal most corners and SOT, both teams to be carded",2025-03-16,Bet365,2,3,10,30,Betdaq,10,2.76,1.09,20,27.6,17.6,2.4,Win,0,2.4,AB,0.333333333333333,0.36231884057971,0.0289855072463769,27.6,0.0869565217391304,1
Salah to score or assist,2025-03-16,PP,1,2,50,100,Betdaq,50,1.84,1.09,100,92,42,8,Loss,0,-1,AB,0.5,0.543478260869565,0.0434782608695652,92,-0.0108695652173913,0
Wycombe win and 2.5+ goals,2025-03-18,WH,4,5,30,150,Smarkets,30,4.8,1.04,60,144,114,6,Win,0,6,AB,0.2,0.208333333333333,0.00833333333333333,144,0.0416666666666667,1
Luke humphries Win and throw 1.5+ 180s,2025-03-20,Bet365,1.5,2.5,10,25,Betdaq,10.2,2.22,1.13,20.4,22.64,12.44,2.56,Loss,0,0,AB,0.4,0.45045045045045,0.0504504504504504,22.44,0,0
"France, Italy and portugal to win",2025-03-20,BetMGM,14.5,15.5,10,155,Betdaq,10,14.5,1.07,20,145,135,10,Loss,0,-0.2,AB,0.0645161290322581,0.0689655172413793,0.00444938820912125,145,-0.00137931034482759,0
Yamal 1+ SOT Van Dijk 1+ foul,2025-03-20,Skybet,2,3,10,30,Betdaq,10,2.95,1.02,20,29.5,19.5,0.5,Loss,0,-0.2,AB,0.333333333333333,0.338983050847458,0.0056497175141243,29.5,-0.00677966101694915,0
Kane FGS,2025-03-21,Unibet,3.25,4.25,3,12.75,Smarkets,3,4.25,1,6,12.75,9.75,0,Loss,0,-0.06,AB,0.235294117647059,0.235294117647059,0,12.75,-0.00470588235294118,0
England to score in both halves,2025-03-21,Bet365,1.5,2.5,10,25,Smarkets,10.2,1.96,1.28,20.4,19.99,9.79,5.21,Win,0,5.21,AB,0.4,0.510204081632653,0.110204081632653,19.79,0.263264274886306,1
England to win and Kane to score or assist,2025-03-21,Unibet,1.5,2.5,10,25,Smarkets,10.2,2.06,1.21,20.4,21.01,10.81,4.19,Win,0,4.19,AB,0.4,0.485436893203884,0.0854368932038835,20.81,0.201345506967804,1
"England 2+ goals, 5 corners",2025-03-21,PP,2,3,5,15,Smarkets,5.1,2.66,1.13,10.2,13.57,8.47,1.53,Loss,0,0,AB,0.333333333333333,0.37593984962406,0.0426065162907268,13.47,0,0
Nunez 2+ SOT,2025-03-21,Skybet,3,4,60,240,Betdaq,60,4,1,120,240,180,0,Loss,0,-1.2,AB,0.25,0.25,0,240,-0.005,0
Notts County goal scored in both halves,2025-03-22,Betvictor,1.5,2.5,10,25,Smarkets,10.2,2.3,1.09,20.4,23.46,13.26,1.74,Loss,0,0,AB,0.4,0.434782608695652,0.0347826086956522,23.26,0,0
Dare to shout to win,2025-03-22,Betway,2.75,3.75,10,37.5,Smarkets,10.2,3.35,1.12,20.4,34.17,23.97,3.53,Loss,0,0,AB,0.266666666666667,0.298507462686567,0.0318407960199005,33.97,0,0
Wyenot to win,2025-03-22,Bet365,1.75,2.75,10,27.5,Smarkets,10.2,2.5,1.1,20.4,25.5,15.3,2.2,Loss,0,0,AB,0.363636363636364,0.4,0.0363636363636364,25.3,0,0
Virat Kohli to hit a 6,2025-03-22,Betfair,1.5,2.5,6,15,Betdaq,6.1,2.33,1.07,12.2,14.21,8.11,0.89,Win,0,0.89,AB,0.4,0.429184549356223,0.0291845493562232,14.11,0.0630758327427356,1
Paul Townend to ride 1+ winners today (Limerick),2025-03-23,Sky Bet,1,2,20,40,Betdaq,20.4,1.86,1.08,40.8,37.94,17.54,2.46,Win,0,2.46,AB,0.5,0.537634408602151,0.0376344086021505,37.54,0.0655301012253596,1
Portugual 10+ SOT v Denmark,2025-03-23,Sky Bet,7,8,30,240,Betdaq,30,7.7,1.04,60,231,201,9,Loss,0,-0.6,AB,0.125,0.12987012987013,0.00487012987012986,231,-0.0025974025974026,0
England 2.5+ goals and 6.5+ corners,2025-03-24,Unibet,1.5,2.5,10,25,Betdaq,10.2,1.96,1.28,20.4,19.99,9.79,5.21,Win,0,5.21,AB,0.4,0.510204081632653,0.110204081632653,19.79,0.263264274886306,1
England 2+ goals and 2+ corners in 1st half,2025-03-24,Bet365,2,3,10,30,Betdaq,10.2,2.67,1.12,20.4,27.23,17.03,2.97,Win,0,2.97,AB,0.333333333333333,0.374531835205993,0.0411985018726592,27.03,0.109877913429523,1
Jude 1+ SOT and fouled 1+ times,2025-03-24,Betfair,1,2,10,20,Betdaq,10,1.93,1.04,20,19.3,9.3,0.7,Loss,0,-0.2,AB,0.5,0.518134715025907,0.0181347150259068,19.3,-0.0103626943005181,0
"England win, have most corners, latvia most cards",2025-03-24,PP,1,2,5,10,Smarkets,5.1,1.74,1.15,10.2,8.87,3.77,1.23,Win,0,1.23,AB,0.5,0.574712643678161,0.0747126436781609,8.77,0.140250855188141,1
"England 2.5+ goals, 6.5+ corners and latvia 1.5+ cards",2025-03-24,Unibet,2.25,3.25,3,9.75,Smarkets,3,3.2,1.02,6,9.6,6.6,0.15,Win,0,0.15,AB,0.307692307692308,0.3125,0.00480769230769229,9.6,0.015625,1
England to win to nil,2025-03-24,PP,1.2,2.2,10,22,Smarkets,10.2,1.47,1.5,20.4,14.99,4.79,7.21,Win,0,7.21,AB,0.454545454545455,0.680272108843537,0.225726654298083,14.79,0.487491548343475,1
Asian handicap England -3.5,2025-03-24,Unibet,1.3,2.3,3,6.9,Smarkets,3,2.18,1.06,6,6.54,3.54,0.36,Loss,0,-0.06,AB,0.434782608695652,0.458715596330275,0.023932987634623,6.54,-0.0091743119266055,0
Wales to win,2025-03-25,PP,3,4,10,40,Smarkets,10.2,2.58,1.55,20.4,26.32,16.12,13.88,Loss,0,0,AB,0.25,0.387596899224806,0.137596899224806,26.12,0,0
Haaland FGS,2025-03-25,Unibet,3.5,4.5,3,13.5,Betdaq,3,4.3,1.05,6,12.9,9.9,0.6,Loss,0,-0.06,AB,0.222222222222222,0.232558139534884,0.0103359173126615,12.9,-0.00465116279069767,0
"Pistons, Magic, Warriors & Knicks - All to Win Tonight",2025-03-25,BetMGM,3,4,10,40,Betdaq,10.2,3.85,1.04,20.4,39.27,29.07,0.93,Loss,0,0,AB,0.25,0.25974025974026,0.00974025974025972,39.07,0,0
Hollie Doyle to ride a winner,2025-03-27,Sky Bet,1.75,2.75,20,55,Smarkets,20.4,2.6,1.06,40.8,53.04,32.64,2.36,Loss,0,-0.01,AB,0.363636363636364,0.384615384615385,0.0209790209790209,52.64,-0.000189969604863222,0
El bufalo to win,2025-03-27,WH,4,5,50,250,Smarkets,50,4.9,1.02,100,245,195,5,Loss,0,-1,AB,0.2,0.204081632653061,0.00408163265306119,245,-0.00408163265306122,0
Jimenez 0.5+ SOT,2025-03-28,PP,1,2,5,10,Smarkets,5.1,1.87,1.07,10.2,9.54,4.44,0.56,Loss,0,0,AB,0.5,0.53475935828877,0.03475935828877,9.44,0,0
Brighton + Forest 2.5+ goals 9.5+ corners,2025-03-29,Betway,2.2,3.2,10,32,Smarkets,10.2,2.98,1.07,20.4,30.4,20.2,1.8,Loss,0,0,AB,0.3125,0.335570469798658,0.0230704697986577,30.2,0,0
Muniz 0.5+ SOT,2025-03-29,PP,1,2,5,10,Smarkets,5.1,1.77,1.13,10.2,9.03,3.93,1.07,Win,0,1.07,AB,0.5,0.564971751412429,0.0649717514124294,8.93,0.119820828667413,1
Liberty lane top 3,2025-03-29,Betfair,1,2,10,20,Smarkets,10.2,1.82,1.1,20.4,18.56,8.36,1.64,Loss,0,0,AB,0.5,0.549450549450549,0.0494505494505494,18.36,0,0
"Aston Villa to win, Aston Villa most shots on target & Aston Villa most corners",2025-03-30,Bet365,2,3,10,30,Betdaq,10.2,2.64,1.14,20.4,26.93,16.73,3.27,Win,0,3.27,AB,0.333333333333333,0.378787878787879,0.0454545454545455,26.73,0.122334455667789,1
Manchester City & Aston Villa - Both To Win,2025-03-30,Unibet,2.5,3.5,3,10.5,Betdaq,3,3.2,1.09,6,9.6,6.6,0.9,Win,0,0.9,AB,0.285714285714286,0.3125,0.0267857142857143,9.6,0.09375,1
"Semenyo, Kluivert & Haaland 1+ shot on target each",2025-03-30,Sky Bet,3,4,7,28,Smarkets,7,3.5,1.14,14,24.5,17.5,3.5,Loss,0,-0.14,AB,0.25,0.285714285714286,0.0357142857142857,24.5,-0.00571428571428572,0
Asensio score or assist,2025-03-30,Unibet,1.5,2.5,3,7.5,Smarkets,3,2.36,1.06,6,7.08,4.08,0.42,Loss,0,-0.06,AB,0.4,0.423728813559322,0.023728813559322,7.08,-0.00847457627118644,0
Kluivert to score or assist,2025-03-30,Unibet,2.25,3.25,3,9.75,Smarkets,3,3.15,1.03,6,9.45,6.45,0.3,Win,0,0.3,AB,0.307692307692308,0.317460317460317,0.00976800976800973,9.45,0.0317460317460317,1
"Lazio to win, most corners, Torino most cards",2025-03-31,PP,3.33,4.33,100,433,Smarkets,100,4.3,1.01,200,430,330,3,Loss,0,-2,AB,0.23094688221709,0.232558139534884,0.00161125731779366,430,-0.00465116279069767,0
Arsenal to score in both halves,2025-04-01,BetVictor,2.5,3.5,2,7,Smarkets,2,3,1.17,4,6,4,1,Win,0,1,AB,0.285714285714286,0.333333333333333,0.0476190476190476,6,0.166666666666667,1
Bruno 1+ SOT,2025-04-01,Sky Bet,1,2,10,20,Smarkets,10.2,1.84,1.09,20.4,18.77,8.57,1.43,Win,0,1.43,AB,0.5,0.543478260869565,0.0434782608695652,18.57,0.0770059235325794,1
Bruno 1+ SOT,2025-04-01,Bet365,1,2,10,20,Smarkets,10.2,1.88,1.06,20.4,19.18,8.98,1.02,Win,0,1.02,AB,0.5,0.531914893617021,0.0319148936170213,18.98,0.053740779768177,1
Bruno 1+ SOT,2025-04-01,PP,1,2,5,10,Smarkets,5,1.84,1.09,10,9.2,4.2,0.8,Win,0,0.8,AB,0.5,0.543478260869565,0.0434782608695652,9.2,0.0869565217391304,1
Harry Cobden to Ride 1 or More Winners Today,2025-04-02,Sky Bet,1,2,20,40,Betdaq,20.4,1.87,1.07,40.8,38.15,17.75,2.25,Win,0,2.25,AB,0.5,0.53475935828877,0.03475935828877,37.75,0.0596026490066225,1
Mohamed Salah to have 1+ shots on target and Alexis Mac Allister to commit 2+ fouls,2025-04-02,PP,2,3,5,15,Betdaq,5,2.87,1.05,10,14.35,9.35,0.65,Loss,0,-0.1,AB,0.333333333333333,0.348432055749129,0.0150987224157956,14.35,-0.00696864111498258,0
Liverpool to win & Salah to score anytime,2025-04-02,Unibet,2.2,3.2,10,32,Betdaq,10.2,3.05,1.05,20.4,31.11,20.91,1.09,Loss,0,0,AB,0.3125,0.327868852459016,0.0153688524590164,30.91,0,0
Salah AGS,2025-04-02,Bet365,2,3,10,30,Betdaq,10.2,2.58,1.16,20.4,26.32,16.12,3.88,Loss,0,0,AB,0.333333333333333,0.387596899224806,0.0542635658914729,26.12,0,0
Liverpool to win,2025-04-02,PP,1.2,2.2,10,22,Smarkets,10.2,1.51,1.46,20.4,15.4,5.2,6.8,Win,0,6.8,AB,0.454545454545455,0.662251655629139,0.207706201083685,15.2,0.447368421052632,1
Salah SOT,2025-04-02,WH,1,2,10,20,Smarkets,10.2,1.53,1.31,20.4,15.61,5.41,4.59,Win,0,4.59,AB,0.5,0.65359477124183,0.15359477124183,15.41,0.297858533419857,1
"City, Bournemouth, newcastle, palace to win",2025-04-02,BetMGM,4.5,5.5,10,55,Betdaq,10.2,5.2,1.06,20.4,53.04,42.84,2.16,Loss,0,0,AB,0.181818181818182,0.192307692307692,0.0104895104895105,52.84,0,0
Mbeumo 1+ SOT,2025-04-02,PP,1,2,50,100,Smarkets,51,1.95,1.03,102,99.45,48.45,1.55,Win,0,1.55,AB,0.5,0.512820512820513,0.0128205128205129,98.45,0.015744032503809,1
Luke littler 2+ 100+ Checkouts,2025-04-03,PP,5,6,10,60,Betdaq,10.2,5.7,1.05,20.4,58.14,47.94,2.06,Loss,0,0,AB,0.166666666666667,0.175438596491228,0.0087719298245614,57.94,0,0
Constitution Hill to win,2025-04-03,BetVictor Bet,1.75,2.75,5,13.75,Smarkets,5.1,2.2,1.25,10.2,11.22,6.12,2.63,Loss,0,0,AB,0.363636363636364,0.454545454545455,0.0909090909090909,11.12,0,0
Constitution Hill to win,2025-04-03,Bet365,1.75,2.75,10,27.5,Smarkets,10.2,2,1.38,20.4,20.4,10.2,7.3,Loss,0,0,AB,0.363636363636364,0.5,0.136363636363636,20.2,0,0
Constitution Hill to win,2025-04-03,Sky Bet,1.5,2.5,20,50,Smarkets,20.4,2.04,1.23,40.8,41.62,21.22,8.78,Loss,0,-0.01,AB,0.4,0.490196078431373,0.0901960784313725,41.22,-0.000242600679281902,0
Jango Baie to finish in the top 3,2025-04-03,Betfair,1,2,10,20,Smarkets,10.2,1.82,1.1,20.4,18.56,8.36,1.64,Win,0,1.64,AB,0.5,0.549450549450549,0.0494505494505494,18.36,0.0893246187363834,1
Brennan to score or assist,2025-04-03,Unibet,2.5,3.5,3,10.5,Smarkets,3,3.4,1.03,6,10.2,7.2,0.3,Loss,0,-0.06,AB,0.285714285714286,0.294117647058824,0.00840336134453784,10.2,-0.00588235294117647,0
Caicedo & Romero 1+ Foul,2025-04-03,Sky Bet,1,2,10,20,Smarkets,10.2,1.92,1.04,20.4,19.58,9.38,0.62,Loss,0,0,AB,0.5,0.520833333333333,0.0208333333333334,19.38,0,0
"Blackburn, Bayern and Nice win",2025-04-04,BetMGM,6.5,7.5,10,75,Betdaq,10.2,7,1.07,20.4,71.4,61.2,3.8,Loss,0,0,AB,0.133333333333333,0.142857142857143,0.00952380952380952,71.2,0,0
Jonbon to win,2025-04-04,BetVictor Bet,1.2,2.2,5,11,Smarkets,5.1,1.73,1.27,10.2,8.82,3.72,2.28,Win,0,2.28,AB,0.454545454545455,0.578034682080925,0.12348922753547,8.72,0.261467889908257,1
Jonbon to win,2025-04-04,Betfair,1,2,10,20,Smarkets,10.2,1.73,1.16,20.4,17.65,7.45,2.55,Win,0,2.55,AB,0.5,0.578034682080925,0.0780346820809249,17.45,0.146131805157593,1
Jonbon to win,2025-04-04,Bet365,1,2,10,20,Smarkets,10.2,1.73,1.16,20.4,17.65,7.45,2.55,Win,0,2.55,AB,0.5,0.578034682080925,0.0780346820809249,17.45,0.146131805157593,1
"Celtics, Pistons, Bulls to win",2025-04-05,BetMGM,1.25,2.25,10,22.5,Betdaq,10,2.14,1.05,20,21.4,11.4,1.1,Win,0,1.1,AB,0.444444444444444,0.467289719626168,0.0228452751817238,21.4,0.0514018691588785,1
Everton and arsenal BTTS,2025-04-05,BetVictor Bet,2,3,2,6,Smarkets,2,2.28,1.32,4,4.56,2.56,1.44,Win,0,1.44,AB,0.333333333333333,0.43859649122807,0.105263157894737,4.56,0.31578947368421,1
Pickford 6+ Saves,2025-04-05,Sky Bet,6.5,7.5,30,225,Smarkets,30.6,7.2,1.04,61.2,220.32,189.72,5.28,Loss,0,-0.01,AB,0.133333333333333,0.138888888888889,0.00555555555555556,219.72,-4.55124704168942e-05,0
Saka 1+ SOT,2025-04-05,Bet365,1,2,10,20,Smarkets,10.2,1.91,1.05,20.4,19.48,9.28,0.72,Void,0,0,AB,0.5,0.523560209424084,0.0235602094240838,19.28,0,NA
James Tarkwoski,2025-04-05,Betfair,1,2,20,40,Smarkets,20.4,1.68,1.19,40.8,34.27,13.87,6.13,Win,0,6.13,AB,0.5,0.595238095238095,0.0952380952380952,33.87,0.18098612341305,1
Liverpool to win & Salah to have 1+ Shots on Target,2025-04-06,Bet365,2,3,10,30,Smarkets,10.2,2.72,1.1,20.4,27.74,17.54,2.46,Loss,0,0,AB,0.333333333333333,0.367647058823529,0.0343137254901961,27.54,0,0
Mamoush and Bruno Fernandes 1+ shot on target each,2025-04-06,Unibet,2.25,3.25,10,32.5,Smarkets,10.2,3.05,1.07,20.4,31.11,20.91,1.59,Loss,0,0,AB,0.307692307692308,0.327868852459016,0.0201765447667087,30.91,0,0
Salah 1+sot,2025-04-06,WH,1,2,10,20,Smarkets,10.2,1.48,1.35,20.4,15.1,4.9,5.1,Loss,0,0,AB,0.5,0.675675675675676,0.175675675675676,14.9,0,0
Newcastle to score 2+ goals,2025-04-07,PP,1.2,2.2,10,22,Smarkets,10.2,1.66,1.33,20.4,16.93,6.73,5.27,Win,0,5.27,AB,0.454545454545455,0.602409638554217,0.147864184008762,16.73,0.315002988643156,1
Isak FGS,2025-04-07,Unibet,3.5,4.5,3,13.5,Smarkets,3,4.2,1.07,6,12.6,9.6,0.9,Loss,0,-0.06,AB,0.222222222222222,0.238095238095238,0.0158730158730159,12.6,-0.00476190476190476,0
Saka 1+ SOT,2025-04-08,Skybet,1,2,10,20,Smarkets,10.2,1.86,1.08,20.4,18.97,8.77,1.23,Loss,0,0,AB,0.5,0.537634408602151,0.0376344086021505,18.77,0,0
Bayern Inter Goalkeepers 3+ saves,2025-04-08,Sky Bet,3,4,20,80,Betdaq,20,3.9,1.03,40,78,58,2,Loss,0,-0.4,AB,0.25,0.256410256410256,0.00641025641025644,78,-0.00512820512820513,0
Saka to score or assist,2025-04-08,PP,2,3,100,300,Smarkets,100,2.86,1.05,200,286,186,14,Win,0,300,AB,0.333333333333333,0.34965034965035,0.0163170163170164,286,1.04895104895105,1
Lewandowski FGS,2025-04-09,Unibet,3.5,4.5,3,13.5,Smarkets,3,4.3,1.05,6,12.9,9.9,0.6,Loss,0,-0.06,AB,0.222222222222222,0.232558139534884,0.0103359173126615,12.9,-0.00465116279069767,0
"Barca, PSG, Swansea to win",2025-04-09,WH,2.75,3.75,50,187.5,Betdaq,51,3.68,1.02,102,187.68,136.68,0.82,Win,0,0.82,AB,0.266666666666667,0.271739130434783,0.00507246376811593,186.68,0.00439254338975787,1
Bergvall 3+ Fouls,2025-04-10,Skybet,7,8,20,160,Betdaq,20.4,7.76,1.03,40.8,158.3,137.9,2.1,Loss,0,-0.01,AB,0.125,0.128865979381443,0.00386597938144331,157.9,-6.33312222925902e-05,0
Lyon and Man utd BTTS,2025-04-10,PP,1.4,2.4,10,24,Smarkets,10.2,1.81,1.33,20.4,18.46,8.26,5.74,Win,0,5.74,AB,0.416666666666667,0.552486187845304,0.135819521178637,18.26,0.31434830230011,1
Littler to win,2025-04-10,PP,1,2,10,20,Smarkets,10.2,1.51,1.32,20.4,15.4,5.2,4.8,Win,0,4.8,AB,0.5,0.662251655629139,0.162251655629139,15.2,0.315789473684211,1
Omar Marmoush 0.5+ SOT,2025-04-12,WH,1,2,10,20,Smarkets,10.2,1.57,1.27,20.4,16.01,5.81,4.19,Win,0,4.19,AB,0.5,0.636942675159236,0.136942675159236,15.81,0.265022137887413,1
Ethical diamond top 4,2025-04-12,Bet365,1.5,2.5,10,25,Smarkets,10.2,2.32,1.08,20.4,23.66,13.46,1.54,Loss,0,0,AB,0.4,0.431034482758621,0.0310344827586207,23.46,0,0
Calimystic to win,2025-04-12,Unibet,4.5,5.5,20,110,Smarkets,20.4,5.3,1.04,40.8,108.12,87.72,2.28,Loss,0,-0.01,AB,0.181818181818182,0.188679245283019,0.00686106346483706,107.72,-9.28332714444857e-05,0
Emegha FGS,2025-04-12,Bet365,7,8,40,320,Smarkets,40.8,7.8,1.03,81.6,318.24,277.44,2.56,Loss,0,-0.02,AB,0.125,0.128205128205128,0.00320512820512822,317.44,-6.30040322580645e-05,0
KDB 0.5+ SOT,2025-04-12,PP,1,2,5,10,Betdaq,5,1.91,1.05,10,9.55,4.55,0.45,Win,0,0.45,AB,0.5,0.523560209424084,0.0235602094240838,9.55,0.0471204188481675,1
KDB 0.5+ SOT,2025-04-12,Bet365,1,2,10,20,Betdaq,10.2,1.9,1.05,20.4,19.38,9.18,0.82,Win,0,0.82,AB,0.5,0.526315789473684,0.0263157894736842,19.18,0.0427528675703858,1
Marmoush & Mateta 0.5+ SOT,2025-04-12,Unibet,1.88,2.88,10,28.8,Betdaq,10.2,2.65,1.09,20.4,27.03,16.83,1.97,Loss,0,0,AB,0.347222222222222,0.377358490566038,0.0301362683438156,26.83,0,0
"Brighton, Forest, Villa to win",2025-04-12,BetMGM,3.5,4.5,10,45,Betdaq,10.2,4.4,1.02,20.4,44.88,34.68,0.32,Loss,0,0,AB,0.222222222222222,0.227272727272727,0.00505050505050506,44.68,0,0
Willie Mullins to train 3+ winners,2025-04-12,Skybet,1,2,10,20,Betdaq,10.2,1.89,1.06,20.4,19.28,9.08,0.92,Loss,0,0,AB,0.5,0.529100529100529,0.0291005291005292,19.08,0,0
"Pimblett by KO, TKO, DQ or Submission",2025-04-13,PP,1,2,10,20,smarkets,10.2,1.79,1.12,20.4,18.26,8.06,1.94,Win,0,1.94,AB,0.5,0.558659217877095,0.0586592178770949,18.06,0.107419712070875,1
Ekitike FGS,2025-04-13,Bet365,4.5,5.5,40,220,Smarkets,40.4,5.4,1.02,80.8,218.16,177.76,2.24,Loss,0,-0.41,AB,0.181818181818182,0.185185185185185,0.00336700336700335,217.76,-0.00188280675973549,0
Isak FGS,2025-04-13,Unibet,3.75,4.75,3,14.25,Smarkets,3,4.4,1.08,6,13.2,10.2,1.05,Loss,0,-0.06,AB,0.210526315789474,0.227272727272727,0.0167464114832536,13.2,-0.00454545454545455,0
Musselburgh,2025-04-13,Sky Bet,3,4,10,40,Smarkets,10.48,3.6,1.11,20.96,37.73,27.25,2.75,Loss,0,0.27,AB,0.25,0.277777777777778,0.0277777777777778,37.25,0.00724832214765101,0
"Pimblett by KO, TKO, DQ or Submission",2025-04-13,Bet365,2,3,10,30,Betdaq,10.2,2.4,1.25,20.4,24.48,14.28,5.72,Win,0,5.72,AB,0.333333333333333,0.416666666666667,0.0833333333333334,24.28,0.235584843492586,1
"Liverpool to Win, Liverpool Most Corners & Salah to score or assist (Player must start)",2025-04-13,Bet365,2,3,10,30,Betdaq,10.2,2.49,1.2,20.4,25.4,15.2,4.8,Win,0,4.8,AB,0.333333333333333,0.401606425702811,0.0682730923694779,25.2,0.19047619047619,1
"Chelsea, Liverpool & Tottenham to win",2025-04-13,BetMGM,5.5,6.5,10,65,Betdaq,10.2,5.5,1.18,20.4,56.1,45.9,9.1,Loss,0,0,AB,0.153846153846154,0.181818181818182,0.027972027972028,55.9,0,0
Bruno Fernandes 2+ fouls won,2025-04-13,Sky Bet,2,3,100,300,Betdaq,102,2.92,1.03,204,297.84,195.84,4.16,Loss,0,-0.04,AB,0.333333333333333,0.342465753424658,0.0091324200913242,295.84,-0.000135208220659816,0
Mcilroy and Dechambeau both to shoot 70,2025-04-14,PP,3,4,10,40,Betdaq,10.2,3.85,1.04,20.4,39.27,29.07,0.93,Loss,0,0,AB,0.25,0.25974025974026,0.00974025974025972,39.07,0,0
Evanilson and Semenyo 1+ SOT,2025-04-14,Sky Bet,1.5,2.5,10,25,Betdaq,10.2,2.37,1.05,20.4,24.17,13.97,1.03,Loss,0,0,AB,0.4,0.421940928270042,0.0219409282700421,23.97,0,0
Alvarez FGS,2025-04-14,Unibet,3.75,4.75,3,14.25,Smarkets,3,4.6,1.03,6,13.8,10.8,0.45,Loss,0,-0.06,AB,0.210526315789474,0.217391304347826,0.00686498855835244,13.8,-0.00434782608695652,0
PSG VILLA 9.5 + SOT,2025-04-15,Sky Bet,1,2,200,400,Smarkets,200,1.94,1.03,400,388,188,12,Win,0,12,AB,0.5,0.515463917525773,0.0154639175257733,388,0.0309278350515464,1
Villa vs PSG BTTS,2025-04-15,Bet365,1,2,10,20,Smarkets,10.2,1.62,1.23,20.4,16.52,6.32,3.68,Win,0,3.68,AB,0.5,0.617283950617284,0.117283950617284,16.32,0.225490196078431,1
Dembele 0.5+ SOT,2025-04-15,PP,1,2,10,20,Smarkets,10.2,1.56,1.28,20.4,15.91,5.71,4.29,Win,0,4.29,AB,0.5,0.641025641025641,0.141025641025641,15.71,0.273074474856779,1
Lamine Yamal 1.5+ SOT,2025-04-15,Sky Bet,3,4,60,240,Smarkets,61.2,3.85,1.04,122.4,235.62,174.42,5.58,Loss,0,-0.02,AB,0.25,0.25974025974026,0.00974025974025972,234.42,-8.53169524784575e-05,0
Rice 1+ SOT,2025-04-16,Sky Bet,3,4,10,40,Smarkets,10,3.75,1.07,20,37.5,27.5,2.5,Loss,0,-0.2,AB,0.25,0.266666666666667,0.0166666666666667,37.5,-0.00533333333333333,0
Bellingham 1+ SOT,2025-04-16,PP,1,2,5,10,Smarkets,5.11,1.87,1.07,10.22,9.56,4.45,0.55,Loss,0,0.01,AB,0.5,0.53475935828877,0.03475935828877,9.45,0.00105820105820106,0
Saka to be fouled 2+ times,2025-04-16,PP,1.4,2.4,10,24,Smarkets,10.2,2.14,1.12,20.4,21.83,11.63,2.37,Win,0,2.37,AB,0.416666666666667,0.467289719626168,0.0506230529595015,21.63,0.109570041608877,1
Isak and Eze 1+ and Guimaraes 1+ foul,2025-04-16,Bet365,2,3,10,30,Smarkets,10.2,2.94,1.02,20.4,29.99,19.79,0.21,Loss,0,0,AB,0.333333333333333,0.340136054421769,0.00680272108843538,29.79,0,0
"Luke Littler To Win, Most 180's & Highest Checkout v Rob Cross",2025-04-17,PP,2,3,10,30,Betdaq,10,2.5,1.2,20,25,15,5,Loss,0,-0.2,AB,0.333333333333333,0.4,0.0666666666666667,25,-0.008,0
United to qualify,2025-04-17,PP,1,2,10,20,Smarkets,10.2,1.41,1.42,20.4,14.38,4.18,5.82,Win,0,5.82,AB,0.5,0.709219858156028,0.209219858156028,14.18,0.410437235543018,1
Ryan Moore 1+ Winner,2025-04-17,Sky Bet,1,2,20,40,Betdaq,20.4,1.93,1.04,40.8,39.37,18.97,1.03,Loss,0,-0.01,AB,0.5,0.518134715025907,0.0181347150259068,38.97,-0.000256607646907878,0
Bruno AA,2025-04-17,William Hill,3,4,50,200,Smarkets,51,3.75,1.07,102,191.25,140.25,9.75,Loss,0,-0.02,AB,0.25,0.266666666666667,0.0166666666666667,190.25,-0.000105124835742444,0
Bruno SOT,2025-04-17,PP,1,2,5,10,Smarkets,5,1.65,1.21,10,8.25,3.25,1.75,Win,0,1.75,AB,0.5,0.606060606060606,0.106060606060606,8.25,0.212121212121212,1
Bruno 1+ SOT Casemiro 1+ foul,2025-04-17,Bet365,2,3,10,30,Smarkets,10.2,2.74,1.09,20.4,27.95,17.75,2.25,Win,0,2.25,AB,0.333333333333333,0.364963503649635,0.0316301703163017,27.75,0.0810810810810811,1
Derby v Luton over 1.5 first half goals,2025-04-18,Bet365,1,2,10,20,Smarkets,10.2,1.79,1.12,20.4,18.26,8.06,1.94,Win,0,1.94,AB,0.5,0.558659217877095,0.0586592178770949,18.06,0.107419712070875,1
Sheffiled Utd Leeds & Burnley all to win,2025-04-18,Unibet,3.25,4.25,3,12.75,Betdaq,3,4.1,1.04,6,12.3,9.3,0.45,Win,0,0.45,AB,0.235294117647059,0.24390243902439,0.00860832137733145,12.3,0.0365853658536585,1
Sky majesty to win,2025-04-18,Sky Bet,1.75,2.75,20,55,Smarkets,20.4,2.64,1.04,40.8,53.86,33.46,1.54,Loss,0,-0.01,AB,0.363636363636364,0.378787878787879,0.0151515151515151,53.46,-0.000187055742611298,0
Sky majesty to win,2025-04-18,Bet365,1.75,2.75,10,27.5,Smarkets,10,2.64,1.04,20,26.4,16.4,1.1,Loss,0,-0.2,AB,0.363636363636364,0.378787878787879,0.0151515151515151,26.4,-0.00757575757575758,0
Arsenal Most Shots on Target in Each Half & Ipswich Most Fouls,2025-04-18,Sky Bet,14,15,25,375,Betdaq,25.5,12.5,1.2,51,318.75,293.25,56.75,Loss,0,-0.01,AB,0.0666666666666667,0.08,0.0133333333333333,318.25,-3.14218381775334e-05,0
Bluegrass or Givemefive either to win,2025-04-18,Bet365,2.25,3.25,10,32.5,Betdaq,10.2,2.94,1.11,20.4,29.99,19.79,2.71,Win,0,2.71,AB,0.307692307692308,0.340136054421769,0.032443746729461,29.79,0.0909701242027526,1
Wiltshire lad to win,2025-04-19,Betway,4,5,1,5,Smarkets,1,3.85,1.3,2,3.85,2.85,1.15,Loss,0,-0.02,AB,0.2,0.25974025974026,0.0597402597402597,3.85,-0.00519480519480519,0
Ipswich Arsenal over 0.5+ goals first half,2025-04-19,William Hill,1,2,10,20,Smarkets,10.2,1.43,1.4,20.4,14.59,4.39,5.61,Win,0,5.61,AB,0.5,0.699300699300699,0.199300699300699,14.39,0.389854065323141,1
Liverpool -1.5 Asian Handicap,2025-04-19,Unibet,0.9,1.9,10,19,Smarkets,10,1.73,1.1,20,17.3,7.3,1.7,Loss,0,-0.2,AB,0.526315789473684,0.578034682080925,0.0517188926072407,17.3,-0.0115606936416185,0
"Arsenal win, most corners, most SOT",2025-04-20,Bet365,2,3,10,30,Smarkets,10.28,2.4,1.25,20.56,24.67,14.39,5.61,Win,0,5.61,AB,0.333333333333333,0.416666666666667,0.0833333333333334,24.39,0.230012300123001,1
Lil Guff to win,2025-04-20,Unibet,4.05,5.05,65,328.25,Smarkets,65,4.62,1.09,130,300.3,235.3,27.95,Win,0,27.95,AB,0.198019801980198,0.216450216450216,0.0184304144700184,300.3,0.0930735930735931,1
Liverpool 3-0,2025-04-20,Bet365,10,11,40,440,Smarkets,40,10.5,1.05,80,420,380,20,Loss,0,-0.8,AB,0.0909090909090909,0.0952380952380952,0.00432900432900432,420,-0.0019047619047619,0
Romero 1+ foul committed,2025-04-21,Sky Bet,1,2,10,20,Smarkets,10,1.75,1.14,20,17.5,7.5,2.5,Win,0,2.5,AB,0.5,0.571428571428571,0.0714285714285714,17.5,0.142857142857143,1
Burnley to win and get the most sot,2025-04-21,Bet365,2.25,3.25,10,32.5,Betdaq,10,3,1.08,20,30,20,2.5,Loss,0,-0.2,AB,0.307692307692308,0.333333333333333,0.0256410256410256,30,-0.00666666666666667,0
Heart Wood to win,2025-04-21,Bet365,2.25,3.25,10,32.5,Smarkets,10,3.15,1.03,20,31.5,21.5,1,Loss,0,0,AB,0.307692307692308,0.317460317460317,0.00976800976800973,31.5,0,0
Marmoush to have 1+ SOT,2025-04-22,Bet365,1,2,10,20,Betdaq,10.2,1.62,1.23,20.4,16.52,6.32,3.68,Loss,0,0,AB,0.5,0.617283950617284,0.117283950617284,16.32,0,0
Marmoush & De Bruyne 1+ shot on target each,2025-04-22,Sky Bet,2,3,10,30,Smarkets,10,2.9,1.03,20,29,19,1,Loss,0,-0.2,AB,0.333333333333333,0.344827586206897,0.0114942528735633,29,-0.00689655172413793,0
William Buick To Ride 1 Or More Winners Today At Epsom,2025-04-22,Sky Bet,1,2,20,40,Betdaq,20.4,1.89,1.06,40.8,38.56,18.16,1.84,Loss,0,-0.01,AB,0.5,0.529100529100529,0.0291005291005292,38.16,-0.000262054507337526,0
Orbaan to win,2025-04-22,Unibet,5,6,20,120,Smarkets,20,5.4,1.11,40,108,88,12,Loss,0,-0.4,AB,0.166666666666667,0.185185185185185,0.0185185185185185,108,-0.0037037037037037,0
Mostawaa to win,2025-04-22,Unibet,7,8,50,400,Smarkets,50,7.8,1.03,100,390,340,10,Loss,0,-1,AB,0.125,0.128205128205128,0.00320512820512822,390,-0.00256410256410256,0
Asian Handicap Getafe +2.5 / Real Madrid -2.5,2025-04-23,Unibet,6.5,7.5,3,22.5,Smarkets,3,7,1.07,6,21,18,1.5,Loss,0,0,AB,0.133333333333333,0.142857142857143,0.00952380952380952,21,0,0
Arsenal to score 2+ goals,2025-04-23,PP,1.5,2.5,10,25,Smarkets,10,1.62,1.54,20,16.2,6.2,8.8,Win,0,8.8,AB,0.4,0.617283950617284,0.217283950617284,16.2,0.54320987654321,1
Mafting to win,2025-04-24,Unibet,1.88,2.88,20,57.6,Smarkets,20,2.76,1.04,40,55.2,35.2,2.4,Loss,0,0,AB,0.347222222222222,0.36231884057971,0.015096618357488,55.2,0,0
Salaria to win,2025-04-24,Unibet,4.5,5.5,100,550,Smarkets,100,4.9,1.12,200,490,390,60,Loss,0,0,AB,0.181818181818182,0.204081632653061,0.0222634508348794,490,0,0
"Atletico Madrid, PSV Eindhoven & Real Betis all to win",2025-04-24,Unibet,2.5,3.5,3,10.5,Betdaq,3,3.25,1.08,6,9.75,6.75,0.75,Win,0,0.75,AB,0.285714285714286,0.307692307692308,0.021978021978022,9.75,0.0769230769230769,1
Luke Humphries v Nathan Aspinall - Over 1.5 180's Each in Their QF,2025-04-24,Bet365,1,2,10,20,Betdaq,10.2,1.74,1.15,20.4,17.75,7.55,2.45,Win,0,2.45,AB,0.5,0.574712643678161,0.0747126436781609,17.55,0.13960113960114,1
Brum to win and BTTS,2025-04-24,Sky Bet,5.5,6.5,36,234,Smarkets,36,6.2,1.05,72,223.2,187.2,10.8,Loss,0,0,AB,0.153846153846154,0.161290322580645,0.0074441687344913,223.2,0,0
Ryan moore to ride 1 or more winners,2025-04-25,Sky Bet,1,2,20,40,Betdaq,20.4,1.93,1.04,40.8,39.37,18.97,1.03,Win,0,1.03,AB,0.5,0.518134715025907,0.0181347150259068,38.97,0.0264305876315114,1
Aaron Ramsdale 5+ saves,2025-04-25,Sky Bet,3,4,66,264,Betdaq,66.2,3.6,1.11,132.4,238.32,172.12,25.88,Loss,0,-1.12,AB,0.25,0.277777777777778,0.0277777777777778,238.12,-0.00470351083487317,0
Shamrock rockers to win,2025-04-25,PP,1.75,2.75,10,27.5,Smarkets,10,2.06,1.33,20,20.6,10.6,6.9,Loss,0,0,AB,0.363636363636364,0.485436893203884,0.12180052956752,20.6,0,0
Dancing gemini or lead artist,2025-04-25,Bet365,1.5,2.5,10,25,Betdaq,10.2,2.4,1.04,20.4,24.48,14.28,0.72,Win,0,0.72,AB,0.4,0.416666666666667,0.0166666666666667,24.28,0.0296540362438221,1
Palmer 1+ SOT,2025-04-25,Bet365,1,2,10,20,Smarkets,10,1.61,1.24,20,16.1,6.1,3.9,Loss,0,0,AB,0.5,0.62111801242236,0.12111801242236,16.1,0,0
Bruno 1+ SOT,2025-04-27,Sky Bet,1,2,180,360,Smarkets,181.86,1.93,1.04,363.72,350.99,169.13,10.87,Win,0,10.87,AB,0.5,0.518134715025907,0.0181347150259068,349.13,0.0311345344141151,1
Bournemouth and Utd to have 2.5+ SOT and BTTS,2025-04-27,Bet365,2,3,10,30,Betdaq,10.2,2.49,1.2,20.4,25.4,15.2,4.8,Loss,0,0,AB,0.333333333333333,0.401606425702811,0.0682730923694779,25.2,0,0
Leeds to win and BTTS,2025-04-28,BetMGM,2.6,3.6,10,36,Smarkets,10,3.45,1.04,20,34.5,24.5,1.5,Loss,0,-0.2,AB,0.277777777777778,0.289855072463768,0.0120772946859903,34.5,-0.00579710144927536,0
Fact to file to win,2025-04-29,Sky Bet,1.25,2.25,10,22.5,Smarkets,10,2.18,1.03,20,21.8,11.8,0.7,Loss,0,-0.2,AB,0.444444444444444,0.458715596330275,0.0142711518858308,21.8,-0.00917431192660551,0
Bukayo Saka & Ousmane Dembele to have 1 or more shots on target each,2025-04-29,PP,2,3,5,15,Betdaq,5.1,2.72,1.1,10.2,13.87,8.77,1.23,Win,0,1.23,AB,0.333333333333333,0.367647058823529,0.0343137254901961,13.77,0.0893246187363834,1
Saka 1+ SOT,2025-04-29,Sky Bet,1,2,10,20,Smarkets,10,1.78,1.12,20,17.8,7.8,2.2,Win,0,2.2,AB,0.5,0.561797752808989,0.0617977528089888,17.8,0.123595505617978,1
Ballyburn To win,2025-04-29,Sky Bet,1.75,2.75,343,943.25,Smarkets,343,2.62,1.05,686,898.66,555.66,44.59,Loss,0,0,AB,0.363636363636364,0.381679389312977,0.0180430256766134,898.66,0,0
Fact to file to win,2025-04-29,Bet365,1.5,2.5,10,25,Smarkets,10,2.2,1.14,20,22,12,3,Loss,0,0,AB,0.4,0.454545454545455,0.0545454545454545,22,0,0
Under the twilight,2025-04-29,Unibet,5,6,20,120,Smarkets,20,5.7,1.05,40,114,94,6,Loss,0,0,AB,0.166666666666667,0.175438596491228,0.0087719298245614,114,0,0
Saka to score or assist,2025-04-29,Bet365,1.5,2.5,10,25,Smarkets,10,2.4,1.04,20,24,14,1,Loss,0,0,AB,0.4,0.416666666666667,0.0166666666666667,24,0,0
Bobacious to win,2025-04-29,Unibet,4.5,5.5,20,110,Smarkets,20,5.4,1.02,40,108,88,2,Loss,0,0,AB,0.181818181818182,0.185185185185185,0.00336700336700335,108,0,0
Galopin des Champs to win,2025-04-30,Bet365,1.75,2.75,10,27.5,Smarkets,10,2.22,1.24,20,22.2,12.2,5.3,Win,0,5.3,AB,0.363636363636364,0.45045045045045,0.0868140868140868,22.2,0.238738738738739,1
Galopin des Champs to win,2025-04-30,Sky Bet,1.38,2.38,10,23.8,Smarkets,10,2.24,1.06,20,22.4,12.4,1.4,Win,0,1.4,AB,0.420168067226891,0.446428571428571,0.0262605042016806,22.4,0.0625,1
Raphina to score or assist,2025-04-30,Sky Bet,1.1,2.1,180,378,Smarkets,180,2.08,1.01,360,374.4,194.4,3.6,Win,0,3.6,AB,0.476190476190476,0.480769230769231,0.00457875457875456,374.4,0.00961538461538462,1
"Raphinha, Yamal & L. Martinez 1+ shot on target each",2025-04-30,Sky Bet,3,4,10,40,Smarkets,10,3.75,1.07,20,37.5,27.5,2.5,Loss,0,0,AB,0.25,0.266666666666667,0.0166666666666667,37.5,0,0
Barcelona vs Inter Milan Over 2.5 goals,2025-04-30,PP,1.4,2.4,10,24,Smarkets,10,1.65,1.45,20,16.5,6.5,7.5,Win,0,7.5,AB,0.416666666666667,0.606060606060606,0.189393939393939,16.5,0.454545454545455,1
Yamal to assist,2025-04-30,Betway,3.6,4.6,20,92,Smarkets,20,4.5,1.02,40,90,70,2,Loss,0,0,AB,0.217391304347826,0.222222222222222,0.0048309178743961,90,0,0
Martinez & Yamal 1+ shots on target each,2025-04-30,Unibet,2,3,10,30,Betdaq,10.2,2.66,1.13,20.4,27.13,16.93,3.07,Loss,0,0,AB,0.333333333333333,0.37593984962406,0.0426065162907268,26.93,0,0
Man utd 4+ SOT,2025-05-01,Sky Bet,1,2,250,500,Smarkets,250,1.99,1.01,500,497.5,247.5,2.5,Win,0,2.5,AB,0.5,0.50251256281407,0.00251256281407031,497.5,0.0050251256281407,1
Bruno Fernandes 1+ shot on target v Athletic Bilbao,2025-05-01,Sky Bet,1,2,10,20,Smarkets,10,1.91,1.05,20,19.1,9.1,0.9,Win,0,0.9,AB,0.5,0.523560209424084,0.0235602094240838,19.1,0.0471204188481675,1
Utd vs Bilbao BTTS,2025-05-08,PP,1.8,2.8,10,28,Smarkets,10,2.12,1.32,20,21.2,11.2,6.8,Loss,0,0,AB,0.357142857142857,0.471698113207547,0.11455525606469,21.2,0,0
Mbuemo 1+ SOT,2025-05-01,PP,1.75,2.75,10,27.5,Smarkets,10,1.92,1.43,20,19.2,9.2,8.3,Loss,0,0,AB,0.363636363636364,0.520833333333333,0.15719696969697,19.2,0,0
"Bruno Fernandes To Have 1+ Shots On Target, Bruno Fernandes To Make 1+ Tackles & Andre Onana To Have 2+ Saves",2025-05-01,Bet365,2,3,10,30,Smarkets,10,2.84,1.06,20,28.4,18.4,1.6,Win,0,1.6,AB,0.333333333333333,0.352112676056338,0.0187793427230047,28.4,0.0563380281690141,1
Majborough to win,2025-05-01,Bet365,1,2,10,20,Smarkets,10,1.63,1.23,20,16.3,6.3,3.7,Win,0,3.7,AB,0.5,0.613496932515337,0.113496932515337,16.3,0.226993865030675,1
Littler to win and most 180s,2025-05-01,Bet365,2,3,10,30,Betdaq,10.2,2.66,1.13,20.4,27.13,16.93,3.07,Win,0,3.07,AB,0.333333333333333,0.37593984962406,0.0426065162907268,26.93,0.113999257333828,1
Chelsea -2.5 Asian Handicap,2025-05-01,Unibet,2.5,3.5,3,10.5,Smarkets,3,3.35,1.04,6,10.05,7.05,0.45,Win,0,0.45,AB,0.285714285714286,0.298507462686567,0.0127931769722814,10.05,0.0447761194029851,1
Bruno to score or assist,2025-05-01,Betfair,2.5,3.5,30,105,Smarkets,30,3.45,1.01,60,103.5,73.5,1.5,Win,0,1.5,AB,0.285714285714286,0.289855072463768,0.00414078674948243,103.5,0.0144927536231884,1
Mystical storm to win,2025-05-01,Unibet,1.2,2.2,20,44,Smarkets,20,2.14,1.03,40,42.8,22.8,1.2,Loss,0,0,AB,0.454545454545455,0.467289719626168,0.0127442650807137,42.8,0,0
Stateman to win,2025-05-02,William Hill,2,3,50,150,Smarkets,50,2.98,1.01,100,149,99,1,Win,0,1,AB,0.333333333333333,0.335570469798658,0.00223713646532442,149,0.00671140939597315,1
Constitution Hill to win,2025-05-02,Bet365,1.5,2.5,10,25,Smarkets,10,2,1.25,20,20,10,5,Loss,0,0,AB,0.4,0.5,0.1,20,0,0
KDB to score or assist,2025-05-02,Bet365,1,2,10,20,Smarkets,10,1.93,1.04,20,19.3,9.3,0.7,Win,0,0.7,AB,0.5,0.518134715025907,0.0181347150259068,19.3,0.0362694300518135,1
Arsenal to win,2025-05-03,PP,2,3,10,30,Smarkets,10,1.93,1.55,20,19.3,9.3,10.7,Loss,0,0,AB,0.333333333333333,0.518134715025907,0.184801381692573,19.3,0,0
Watkins and Jimenez to have 1+ SOT,2025-05-03,Bet365,2,3,10,30,Smarkets,10,2.78,1.08,20,27.8,17.8,2.2,Loss,0,0,AB,0.333333333333333,0.359712230215827,0.0263788968824941,27.8,0,0
Field of Gold or Ruling court to win,2025-05-03,Bet365,1.5,2.5,10,25,Betdaq,10.2,2.05,1.22,20.4,20.91,10.71,4.29,Win,0,4.29,AB,0.4,0.487804878048781,0.0878048780487805,20.71,0.207146306132303,1
Ruling court to win,2025-05-03,Unibet,4.5,5.5,50,275,Smarkets,50,5.2,1.06,100,260,210,15,Win,0,15,AB,0.181818181818182,0.192307692307692,0.0104895104895105,260,0.0576923076923077,1
Desert Flower to win,2025-05-04,Sky Bet,2.25,3.25,10,32.5,Betdaq,10.2,2.5,1.3,20.4,25.5,15.3,7.2,Win,0,7.2,AB,0.307692307692308,0.4,0.0923076923076923,25.3,0.284584980237154,1
Desert Flower to win,2025-05-04,Bet365,2,3,10,30,Betdaq,10.2,2.5,1.2,20.4,25.5,15.3,4.7,Win,0,4.7,AB,0.333333333333333,0.4,0.0666666666666667,25.3,0.185770750988142,1
Brighton and Newcastle 2.5+ SOT and BTTS,2025-05-04,Bet365,2.25,3.25,10,32.5,Smarkets,10,2.4,1.35,20,24,14,8.5,Loss,0,0,AB,0.307692307692308,0.416666666666667,0.108974358974359,24,0,0
Jarrod Bowen to score or give an assist,2025-05-04,Unibet,1.5,2.5,3,7.5,Smarkets,3,2.3,1.09,6,6.9,3.9,0.6,Win,0,0.6,AB,0.4,0.434782608695652,0.0347826086956522,6.9,0.0869565217391304,1
Ollie watkins 1+ SOT,2025-05-04,William Hill,1,2,10,20,Smarkets,10,1.67,1.2,20,16.7,6.7,3.3,Win,0,3.3,AB,0.5,0.598802395209581,0.0988023952095809,16.7,0.197604790419162,1
Mark williams 4+ centuries,2025-05-04,Sky Bet,2.5,3.5,200,700,Betdaq,200,3.4,1.03,400,680,480,20,Loss,0,0,AB,0.285714285714286,0.294117647058824,0.00840336134453784,680,0,0
White birch to win,2025-05-05,Sky bet,2.5,3.5,200,700,Smarkets,200,3.4,1.03,400,680,480,20,Loss,0,0,AB,0.285714285714286,0.294117647058824,0.00840336134453784,680,0,0
Obsessedwithyou to win,2025-05-05,Unibet,4.5,5.5,20,110,Smarkets,20,4.27,1.29,40,85.4,65.4,24.6,Loss,0,0,AB,0.181818181818182,0.234192037470726,0.0523738556525442,85.4,0,0
Sanat to win,2025-05-05,Unibet,5,6,20,120,Smarkets,20,5.3,1.13,40,106,86,14,Loss,0,0,AB,0.166666666666667,0.188679245283019,0.0220125786163522,106,0,0
Eberechi Eze to score or assist,2025-05-05,PP,2.5,3.5,10,35,Smarkets,10,3,1.17,20,30,20,5,Win,0,5,AB,0.285714285714286,0.333333333333333,0.0476190476190476,30,0.166666666666667,1
Queens Wish to win,2025-05-05,Unibet,4,5,20,100,Smarkets,20,4.02,1.24,40,80.4,60.4,19.6,Loss,0,0,AB,0.2,0.248756218905473,0.0487562189054727,80.4,0,0
Mark williams 4+ centuries,2025-05-05,Sky Bet,2.5,3.5,200,700,Betdaq,200,3.4,1.03,400,680,480,20,Loss,0,-2,AB,0.285714285714286,0.294117647058824,0.00840336134453784,680,-0.00294117647058824,0
Barca 8+ SOT in 90 mins,2025-05-06,Sky Bet,5,6,40,240,Smarkets,40,5.7,1.05,80,228,188,12,Win,0,12,AB,0.166666666666667,0.175438596491228,0.0087719298245614,228,0.0526315789473684,1
Lamine Yamal to have over 1+ SOT and to be fouled,2025-05-06,PP,1,2,50,100,Smarkets,50,1.95,1.03,100,97.5,47.5,2.5,Win,0,2.5,AB,0.5,0.512820512820513,0.0128205128205129,97.5,0.0256410256410256,1
Raphinha & Lamine Yamal 1+ SOT,2025-05-06,PP,2,3,5,15,Smarkets,5,2.26,1.33,10,11.3,6.3,3.7,Win,0,3.7,AB,0.333333333333333,0.442477876106195,0.109144542772861,11.3,0.327433628318584,1
Baseline to win,2025-05-06,Unibet,4,5,60,300,Smarkets,60,4.6,1.09,120,276,216,24,Loss,0,0,AB,0.2,0.217391304347826,0.0173913043478261,276,0,0
Yamal and Thuram to have 1+ SOT,2025-05-06,Unibet,2,3,10,30,Smarkets,10,2.7,1.11,20,27,17,3,Loss,0,0,AB,0.333333333333333,0.37037037037037,0.037037037037037,27,0,0
Raphinha & Lamine Yamal to combine for 4 SOT,2025-05-06,Betfair,5,6,20,120,Betdaq,20.4,5.9,1.02,40.8,120.36,99.96,0.04,Win,0,0.04,AB,0.166666666666667,0.169491525423729,0.00282485875706215,119.96,0.000333444481493831,1
"Thuram, Raphinha & Yamal 1+ SOT",2025-05-06,Sky Bet,4,5,10,50,Betdaq,10.2,4.6,1.09,20.4,46.92,36.72,3.28,Loss,0,0,AB,0.2,0.217391304347826,0.0173913043478261,46.72,0,0
Lambourn to win,2025-05-07,Sky Bet,1.75,2.75,20,55,Smarkets,20,2.32,1.19,40,46.4,26.4,8.6,Win,0,8.6,AB,0.363636363636364,0.431034482758621,0.0673981191222571,46.4,0.185344827586207,1
Bukayo to have 0.5+ SOT,2025-05-07,Sky Bet,2,3,10,30,Smarkets,10,1.89,1.59,20,18.9,8.9,11.1,Win,0,11.1,AB,0.333333333333333,0.529100529100529,0.195767195767196,18.9,0.587301587301587,1
Bukayo to have 0.5+ SOT,2025-05-07,Bet 365,1,2,10,20,Smarkets,10,1.87,1.07,20,18.7,8.7,1.3,Win,0,1.3,AB,0.5,0.53475935828877,0.03475935828877,18.7,0.0695187165775401,1
Bukayo to have 0.5+ SOT,2025-05-07,William Hill,1,2,10,20,Smarkets,10,1.88,1.06,20,18.8,8.8,1.2,Win,0,1.2,AB,0.5,0.531914893617021,0.0319148936170213,18.8,0.0638297872340425,1
Saka and Dembele 0.5+ SOT,2025-05-07,Unibet,2,3,10,30,Smarkets,10,2.52,1.19,20,25.2,15.2,4.8,Void,0,0,AB,0.333333333333333,0.396825396825397,0.0634920634920635,25.2,0,NA
Absurde to place top 2,2025-05-08,Bet 365,1,2,10,20,Smarkets,10,1.79,1.12,20,17.9,7.9,2.1,Loss,0,0,AB,0.5,0.558659217877095,0.0586592178770949,17.9,0,0
Illinois to win,2025-05-08,Sky Bet,2,3,20,60,Smarkets,20,2.86,1.05,40,57.2,37.2,2.8,Win,0,2.8,AB,0.333333333333333,0.34965034965035,0.0163170163170164,57.2,0.0489510489510489,1
Littler and Price to win and hit the most 180s,2025-05-08,PP,4.5,5.5,10,55,Smarkets,10,5.4,1.02,20,54,44,1,Loss,0,0,AB,0.181818181818182,0.185185185185185,0.00336700336700335,54,0,0
Bristol City vs Sheff Utd over 0.5+ goals first half,2025-05-08,Bet365,1,2,10,20,Smarkets,10,1.69,1.18,20,16.9,6.9,3.1,Win,0,3.1,AB,0.5,0.591715976331361,0.091715976331361,16.9,0.183431952662722,1
Utd and Bilbao BTTS,2025-05-08,PP,1.75,2.75,10,27.5,Smarkets,10,2.02,1.36,20,20.2,10.2,7.3,Win,0,7.3,AB,0.363636363636364,0.495049504950495,0.131413141314131,20.2,0.361386138613861,1
Littler To Win and most 180s,2025-05-08,PP,1.88,2.88,10,28.8,Smarkets,10,2.14,1.35,20,21.4,11.4,7.4,Loss,0,0,AB,0.347222222222222,0.467289719626168,0.120067497403946,21.4,0,0
Man Utd 7+ SOT,2025-05-08,Sky Bet,4,5,60,300,Betdaq,61.4,4.7,1.06,122.8,288.58,227.18,12.82,Loss,0,0.17,AB,0.2,0.212765957446809,0.0127659574468085,287.18,0.000591963228637092,0
Guglielmo Vicario 4+ saves,2025-05-08,Sky Bet,2.25,3.25,110,357.5,Betdaq,112.2,3.1,1.05,224.4,347.82,235.62,11.88,Loss,0,-0.04,AB,0.307692307692308,0.32258064516129,0.0148883374689826,345.62,-0.000115734043168798,0
Ryan Moore (Chester) to ride 1+ winners,2025-05-09,Sky Bet,0.8,1.8,20,36,Betdaq,20.4,1.62,1.11,40.8,33.05,12.65,3.35,Loss,0,-0.01,AB,0.555555555555556,0.617283950617284,0.0617283950617283,32.65,-0.000306278713629403,0
The foxes to win,2025-05-09,Bet365,2.25,3.25,10,32.5,Smarkets,10,2.69,1.21,20,26.9,16.9,5.6,Win,0,5.6,AB,0.307692307692308,0.371747211895911,0.0640549042036031,26.9,0.20817843866171,1
Coventry and Sunderland to have 2.5+ SOT,2025-05-09,Bet365,2,3,10,30,Smarkets,10.08,2.54,1.18,20.16,25.6,15.52,4.48,Win,0,4.48,AB,0.333333333333333,0.393700787401575,0.0603674540682415,25.52,0.175548589341693,1
Man City most corners each half and Southampton most fouls committed each half,2025-05-10,Skybet,5,6,25,150,Betdaq,25.5,5.69,1.05,51,145.1,119.6,5.41,Loss,0,-0.01,AB,0.166666666666667,0.175746924428822,0.00908025776215582,144.6,-6.91562932226833e-05,0
Rainbows Edge to win,2025-05-10,Betway,4,5,0.99,4.95,Smarkets,0.99,3.9,1.28,1.98,3.86,2.87,1.09,Win,0,1.09,AB,0.2,0.256410256410256,0.0564102564102564,3.86,0.282383419689119,1
Harvey Barnes SOT,2025-05-11,Sky Bet,1,2,10,20,Smarkets,10,1.84,1.09,20,18.4,8.4,1.6,Win,0,1.6,AB,0.5,0.543478260869565,0.0434782608695652,18.4,0.0869565217391304,1
Palmer 1+ SOT,2025-05-11,William Hill,1,2,10,20,Smarkets,10,1.61,1.24,20,16.1,6.1,3.9,Win,0,3.9,AB,0.5,0.62111801242236,0.12111801242236,16.1,0.24223602484472,1
Newcastle v Chelsea over 2.5+ goals,2025-05-11,Betvictor,1,2,2,4,Smarkets,2,1.62,1.23,4,3.24,1.24,0.76,Loss,0,0,AB,0.5,0.617283950617284,0.117283950617284,3.24,0,0
Zarigana to win,2025-05-11,Sky Bet,1.75,2.75,20,55,Smarkets,20,2.52,1.09,40,50.4,30.4,4.6,Win,0,4.6,AB,0.363636363636364,0.396825396825397,0.0331890331890332,50.4,0.0912698412698413,1
Hamer 1+ SOT,2025-05-12,Sky Bet,1,2,10,20,Smarkets,10,1.84,1.09,20,18.4,8.4,1.6,Win,0,1.6,AB,0.5,0.543478260869565,0.0434782608695652,18.4,0.0869565217391304,1
3 Cascade Hall - Win,2025-05-12,Unibet,4,5,200,1000,Betdaq,200,4.9,1.02,400,980,780,20,Loss,0,-4,AB,0.2,0.204081632653061,0.00408163265306119,980,-0.00408163265306122,0
Scheffler to make 4+ birdies,2025-05-18,Sky Bet,1,2,10,20,Betdaq,10.2,1.86,1.08,20.4,18.97,8.77,1.23,Win,0,1.23,AB,0.5,0.537634408602151,0.0376344086021505,18.77,0.0655301012253596,1
Scheffler to win,2025-05-19,Sky Bet,4.5,5.5,150,825,Smarkets,150,5.1,1.08,300,765,615,60,Win,0,60,AB,0.181818181818182,0.196078431372549,0.0142602495543672,765,0.0784313725490196,1
Scheffler to win,2025-05-19,Sky Bet,2,3,250,750,Smarkets,253,2.66,1.13,506,672.98,419.98,80.02,Win,0,80.02,AB,0.333333333333333,0.37593984962406,0.0426065162907268,669.98,0.1194364010866,1
Palmer score or assist,2025-05-28,Unibet,2,3,10,30,Smarkets,10,2.46,1.22,20,24.6,14.6,5.4,Win,0,5.4,AB,0.333333333333333,0.40650406504065,0.0731707317073171,24.6,0.219512195121951,1
Littler to win & hit the most 180's,2025-05-28,PP,2,3,10,30,Betdaq,10.2,2.09,1.44,20.4,21.32,11.12,8.88,Win,0,8.88,AB,0.333333333333333,0.478468899521531,0.145135566188198,21.12,0.420454545454546,1
Trawlerman to win by 1+ lengths (7:05 Sandown),2025-05-29,PP,2,3,10,30,Betdaq,10.2,2.42,1.24,20.4,24.68,14.48,5.52,Win,0,5.52,AB,0.333333333333333,0.413223140495868,0.0798898071625345,24.48,0.225490196078431,1
Scottie scheffler to win memorial tournament,2025-05-31,Sky Bet,3.33,4.33,200,866,Smarkets,200,4.1,1.06,400,820,620,46,Win,0,46,AB,0.23094688221709,0.24390243902439,0.0129555568073002,820,0.0560975609756098,1
PSG win and over 3.5 match goals,2025-05-31,BetMGM,6.15,7.15,10,71.5,Smarkets,10,6.4,1.12,20,64,54,7.5,Win,0,7.5,AB,0.13986013986014,0.15625,0.0163898601398602,64,0.1171875,1
Kvara 1+ SOT,2025-05-31,Unibet,1,2,10,20,Smarkets,10,1.79,1.12,20,17.9,7.9,2.1,Win,0,2.1,AB,0.5,0.558659217877095,0.0586592178770949,17.9,0.11731843575419,1
Hollie Doyle To ride 1 Or More Winners At York Today,2025-05-31,Sky Bet,1,2,20,40,Smarkets,20.4,1.79,1.12,40.8,36.52,16.12,3.88,Win,0,3.88,AB,0.5,0.558659217877095,0.0586592178770949,36.12,0.107419712070875,1
Havana Prince to win,2025-06-01,Unibet,4.5,5.5,20,110,Smarkets,20,5.4,1.02,40,108,88,2,Win,0,2,AB,0.181818181818182,0.185185185185185,0.00336700336700335,108,0.0185185185185185,1
Nad Alishba green to win,2025-06-01,Unibet,4.5,5.5,50,275,Smarkets,50,5.3,1.04,100,265,215,10,Win,0,10,AB,0.181818181818182,0.188679245283019,0.00686106346483706,265,0.0377358490566038,1
Meleri to win,2025-06-03,Unibet,6.5,7.5,20,150,Smarkets,20,7,1.07,40,140,120,10,Win,0,10,AB,0.133333333333333,0.142857142857143,0.00952380952380952,140,0.0714285714285714,1
Deepwater bay,2025-06-03,Unibet,1,2,200,400,Smarkets,200,1.95,1.03,400,390,190,10,Win,0,10,AB,0.5,0.512820512820513,0.0128205128205129,390,0.0256410256410256,1
Djokovic set 1 correct score 6-3,2025-06-04,Betway,6.5,7.5,29,217.5,Smarkets,29.6,6.4,1.17,59.2,189.44,159.84,28.66,Loss,0,0.01,AB,0.133333333333333,0.15625,0.0229166666666667,188.84,5.2954882440161e-05,0
